num_warehouses,num_customers,capacity_distribution,param,mean_reward,std_reward,all_rewards
2,50,uniform,1.0,-3267.67,212.25,"[np.float64(-3165.746976702621), np.float64(-3490.914458521465), np.float64(-3535.5473401652835), np.float64(-3209.912463795636), np.float64(-3271.5017853199593), np.float64(-3404.0416357876693), np.float64(-3438.998286353775), np.float64(-3199.8235678810956), np.float64(-3777.926526421207), np.float64(-3323.0308822406187), np.float64(-3212.638856396271), np.float64(-3467.3856263742423), np.float64(-3180.7948445440143), np.float64(-2931.4434901745717), np.float64(-3448.8914513035593), np.float64(-3406.2826199945835), np.float64(-3259.1907371487446), np.float64(-3144.5699552366277), np.float64(-3040.7954735462417), np.float64(-3008.6073308305595), np.float64(-3356.19746350029), np.float64(-3336.4426698577117), np.float64(-3252.5328227364876), np.float64(-3337.403582967074), np.float64(-2931.453791461846), np.float64(-3235.6022143054424), np.float64(-3670.987484547702), np.float64(-3124.0996579118405), np.float64(-3707.4241340823646), np.float64(-3200.0598375531845), np.float64(-3412.6944834853402), np.float64(-3091.7232687379606), np.float64(-3036.264514873764), np.float64(-3198.04542624083), np.float64(-3023.7397179479663), np.float64(-3110.270279492168), np.float64(-3003.5611623193577), np.float64(-3076.5265005549372), np.float64(-3193.7289769222484), np.float64(-3190.957713745792), np.float64(-3106.4706296960094), np.float64(-3712.2937080538086), np.float64(-2881.5439431454415), np.float64(-3456.1786978779996), np.float64(-3448.7257807329725), np.float64(-3323.9050203614447), np.float64(-3043.0187704924206), np.float64(-3251.9802764560504), np.float64(-3143.143650448505), np.float64(-3608.3736320605262)]"
2,50,uniform,1.02,-3269.5,212.43,"[np.float64(-3165.746976702621), np.float64(-3482.2809014543604), np.float64(-3535.5473401652835), np.float64(-3209.912463795636), np.float64(-3271.5017853199593), np.float64(-3404.0416357876693), np.float64(-3438.998286353775), np.float64(-3199.8235678810956), np.float64(-3804.8065953159994), np.float64(-3323.0308822406187), np.float64(-3212.638856396271), np.float64(-3438.6933588420925), np.float64(-3180.7948445440143), np.float64(-2931.4434901745717), np.float64(-3448.8914513035593), np.float64(-3406.2826199945835), np.float64(-3340.450959024831), np.float64(-3144.5699552366277), np.float64(-3040.7954735462417), np.float64(-3008.6073308305595), np.float64(-3356.19746350029), np.float64(-3317.872119789062), np.float64(-3149.6483123247986), np.float64(-3372.4220942797488), np.float64(-2931.453791461846), np.float64(-3235.6022143054424), np.float64(-3670.987484547702), np.float64(-3124.0996579118405), np.float64(-3706.0044596254247), np.float64(-3200.0598375531845), np.float64(-3412.6944834853402), np.float64(-3091.7232687379606), np.float64(-3036.264514873764), np.float64(-3198.04542624083), np.float64(-3023.7397179479663), np.float64(-3110.270279492168), np.float64(-3003.5611623193577), np.float64(-3076.5265005549372), np.float64(-3206.6287245727226), np.float64(-3190.957713745792), np.float64(-3130.466622113143), np.float64(-3690.5009490379152), np.float64(-2881.5439431454415), np.float64(-3456.1786978779996), np.float64(-3448.7257807329725), np.float64(-3323.9050203614447), np.float64(-3043.0187704924206), np.float64(-3251.9802764560504), np.float64(-3222.5578491102847), np.float64(-3622.615103001971)]"
2,50,uniform,1.04,-3270.93,209.69,"[np.float64(-3159.193774221292), np.float64(-3482.2809014543604), np.float64(-3519.4579244465863), np.float64(-3223.874950208248), np.float64(-3271.5017853199593), np.float64(-3404.0416357876693), np.float64(-3438.998286353775), np.float64(-3199.8235678810956), np.float64(-3804.8065953159994), np.float64(-3342.1061676822683), np.float64(-3212.638856396271), np.float64(-3438.6933588420925), np.float64(-3180.7948445440143), np.float64(-2931.4434901745717), np.float64(-3448.8914513035593), np.float64(-3406.2826199945835), np.float64(-3340.450959024831), np.float64(-3144.5699552366277), np.float64(-3040.7954735462417), np.float64(-3008.6073308305595), np.float64(-3356.19746350029), np.float64(-3317.872119789062), np.float64(-3149.6483123247986), np.float64(-3362.405185690104), np.float64(-2931.453791461846), np.float64(-3235.6022143054424), np.float64(-3670.987484547702), np.float64(-3125.3524058263874), np.float64(-3706.0044596254247), np.float64(-3200.0598375531845), np.float64(-3432.230480042609), np.float64(-3091.7232687379606), np.float64(-3036.264514873764), np.float64(-3198.04542624083), np.float64(-3023.7397179479663), np.float64(-3110.270279492168), np.float64(-3003.5611623193577), np.float64(-3076.5265005549372), np.float64(-3206.6287245727226), np.float64(-3190.957713745792), np.float64(-3130.466622113143), np.float64(-3690.5009490379152), np.float64(-2958.7938480680778), np.float64(-3456.1786978779996), np.float64(-3448.7257807329725), np.float64(-3323.9050203614447), np.float64(-3043.0187704924206), np.float64(-3251.9802764560504), np.float64(-3201.276462598309), np.float64(-3617.0807776347465)]"
2,50,uniform,1.06,-3277.07,208.95,"[np.float64(-3239.904073572264), np.float64(-3482.2809014543604), np.float64(-3519.4579244465863), np.float64(-3223.874950208248), np.float64(-3271.5017853199593), np.float64(-3404.0416357876693), np.float64(-3438.998286353775), np.float64(-3304.788521134319), np.float64(-3804.8065953159994), np.float64(-3342.1061676822683), np.float64(-3203.529176704377), np.float64(-3438.6933588420925), np.float64(-3180.7948445440143), np.float64(-2931.4434901745717), np.float64(-3448.8914513035593), np.float64(-3406.2826199945835), np.float64(-3341.2134313922825), np.float64(-3144.5699552366277), np.float64(-3040.7954735462417), np.float64(-3073.072856468434), np.float64(-3356.19746350029), np.float64(-3317.872119789062), np.float64(-3149.6483123247986), np.float64(-3362.405185690104), np.float64(-2931.453791461846), np.float64(-3235.6022143054424), np.float64(-3670.987484547702), np.float64(-3160.055970342567), np.float64(-3709.2547357310186), np.float64(-3200.0598375531845), np.float64(-3468.804982776895), np.float64(-3091.7232687379606), np.float64(-3017.288153497864), np.float64(-3198.04542624083), np.float64(-3023.7397179479663), np.float64(-3095.5422969290375), np.float64(-3003.5611623193577), np.float64(-3076.5265005549372), np.float64(-3206.6287245727226), np.float64(-3200.5148607910237), np.float64(-3130.466622113143), np.float64(-3690.5009490379152), np.float64(-2958.7938480680778), np.float64(-3456.1786978779996), np.float64(-3448.7257807329725), np.float64(-3323.9050203614447), np.float64(-3043.0187704924206), np.float64(-3251.9802764560504), np.float64(-3201.276462598309), np.float64(-3631.790487838903)]"
2,50,uniform,1.08,-3282.8,210.75,"[np.float64(-3239.904073572264), np.float64(-3482.2809014543604), np.float64(-3519.4579244465863), np.float64(-3223.874950208248), np.float64(-3321.4053667991266), np.float64(-3441.198347991585), np.float64(-3438.998286353775), np.float64(-3304.788521134319), np.float64(-3804.8065953159994), np.float64(-3342.1061676822683), np.float64(-3203.529176704377), np.float64(-3438.6933588420925), np.float64(-3157.5516310023627), np.float64(-2931.4434901745717), np.float64(-3448.8914513035593), np.float64(-3406.2826199945835), np.float64(-3341.2134313922825), np.float64(-3160.2113095297404), np.float64(-3040.7954735462417), np.float64(-3073.072856468434), np.float64(-3356.19746350029), np.float64(-3317.872119789062), np.float64(-3149.6483123247986), np.float64(-3362.405185690104), np.float64(-2931.453791461846), np.float64(-3261.0874235720476), np.float64(-3728.198168466282), np.float64(-3160.055970342567), np.float64(-3709.2547357310186), np.float64(-3200.0598375531845), np.float64(-3468.804982776895), np.float64(-3091.7232687379606), np.float64(-3017.288153497864), np.float64(-3198.04542624083), np.float64(-3023.7397179479663), np.float64(-3095.5422969290375), np.float64(-3064.560359002155), np.float64(-3076.5265005549372), np.float64(-3206.6287245727226), np.float64(-3200.5148607910237), np.float64(-3148.755113306617), np.float64(-3690.5009490379152), np.float64(-2958.7938480680778), np.float64(-3456.1786978779996), np.float64(-3484.686134054195), np.float64(-3323.9050203614447), np.float64(-3043.0187704924206), np.float64(-3260.73226334092), np.float64(-3201.276462598309), np.float64(-3631.790487838903)]"
2,50,uniform,1.1,-3288.08,214.5,"[np.float64(-3239.904073572264), np.float64(-3482.2809014543604), np.float64(-3539.2629039364397), np.float64(-3223.874950208248), np.float64(-3321.4053667991266), np.float64(-3454.4352171249507), np.float64(-3438.998286353775), np.float64(-3312.3142728477515), np.float64(-3813.7603666891764), np.float64(-3454.783353280529), np.float64(-3203.529176704377), np.float64(-3453.57025794789), np.float64(-3157.5516310023627), np.float64(-2931.4434901745717), np.float64(-3448.8914513035593), np.float64(-3421.1748091461336), np.float64(-3414.842013284385), np.float64(-3160.2113095297404), np.float64(-3072.5662584508905), np.float64(-3073.072856468434), np.float64(-3356.19746350029), np.float64(-3317.872119789062), np.float64(-3149.6483123247986), np.float64(-3397.423697002779), np.float64(-2931.453791461846), np.float64(-3261.0874235720476), np.float64(-3728.198168466282), np.float64(-3160.055970342567), np.float64(-3709.2547357310186), np.float64(-3200.0598375531845), np.float64(-3468.804982776895), np.float64(-3091.7232687379606), np.float64(-3017.288153497864), np.float64(-3198.04542624083), np.float64(-3008.110730284268), np.float64(-3111.625444710749), np.float64(-3064.560359002155), np.float64(-3168.7338009804716), np.float64(-3115.6211837890733), np.float64(-3200.5148607910237), np.float64(-3080.1021182695076), np.float64(-3674.681901180402), np.float64(-2958.7938480680778), np.float64(-3456.1786978779996), np.float64(-3484.686134054195), np.float64(-3323.9050203614447), np.float64(-3043.0187704924206), np.float64(-3260.73226334092), np.float64(-3201.276462598309), np.float64(-3646.229690698882)]"
2,50,uneven,1.0,-3485.22,242.67,"[np.float64(-3272.447247888051), np.float64(-3574.0927025031338), np.float64(-3631.780993444511), np.float64(-3380.8716728688146), np.float64(-3621.2089357449695), np.float64(-3693.964059353149), np.float64(-3505.2686725264243), np.float64(-3137.011109219004), np.float64(-4172.509577363452), np.float64(-3923.9384621805025), np.float64(-3586.944191780226), np.float64(-3545.5947150695847), np.float64(-3550.4957393221193), np.float64(-3214.863909979411), np.float64(-3712.2337444779573), np.float64(-3622.9207552961584), np.float64(-3874.337810453362), np.float64(-3516.1447546739882), np.float64(-3367.080882431096), np.float64(-3092.151367616135), np.float64(-3697.3599417143237), np.float64(-3502.9420157298246), np.float64(-3240.58730539335), np.float64(-3387.5008738313086), np.float64(-3270.223900594856), np.float64(-3349.947194383796), np.float64(-3630.843044427798), np.float64(-3414.3513759552684), np.float64(-3711.883479639146), np.float64(-3777.07535399901), np.float64(-3456.6416208087808), np.float64(-3296.7881415502684), np.float64(-3474.513044576233), np.float64(-3473.999084941435), np.float64(-3267.921401058428), np.float64(-3536.2487136508366), np.float64(-3253.3658092127475), np.float64(-3044.397434322803), np.float64(-3500.4066334566037), np.float64(-3480.891248531816), np.float64(-3196.0685292712114), np.float64(-3803.890940462239), np.float64(-2841.8050152971746), np.float64(-3539.2813045744238), np.float64(-3618.696198270079), np.float64(-3635.8372170932266), np.float64(-3310.22984877353), np.float64(-3374.7314021587667), np.float64(-3319.5385659158324), np.float64(-3856.94254748374)]"
2,50,uneven,1.02,-3486.65,241.26,"[np.float64(-3272.447247888051), np.float64(-3574.0927025031338), np.float64(-3631.780993444511), np.float64(-3380.8716728688146), np.float64(-3634.719612706395), np.float64(-3693.964059353149), np.float64(-3505.2686725264243), np.float64(-3137.011109219004), np.float64(-4173.74772101562), np.float64(-3923.9384621805025), np.float64(-3586.944191780226), np.float64(-3545.5947150695847), np.float64(-3550.4957393221193), np.float64(-3214.863909979411), np.float64(-3712.2337444779573), np.float64(-3622.9207552961584), np.float64(-3874.337810453362), np.float64(-3516.1447546739882), np.float64(-3365.7223628740153), np.float64(-3092.151367616135), np.float64(-3697.3599417143237), np.float64(-3470.0157202626024), np.float64(-3240.58730539335), np.float64(-3387.5008738313086), np.float64(-3270.223900594856), np.float64(-3349.947194383796), np.float64(-3630.843044427798), np.float64(-3414.3513759552684), np.float64(-3711.883479639146), np.float64(-3777.07535399901), np.float64(-3456.6416208087808), np.float64(-3296.7881415502684), np.float64(-3474.513044576233), np.float64(-3473.999084941435), np.float64(-3267.921401058428), np.float64(-3536.2487136508366), np.float64(-3287.3255785917), np.float64(-3033.8227767006047), np.float64(-3500.4066334566037), np.float64(-3480.891248531816), np.float64(-3220.064521688345), np.float64(-3803.890940462239), np.float64(-2841.8050152971746), np.float64(-3539.2813045744238), np.float64(-3626.472322174889), np.float64(-3608.6444235086456), np.float64(-3310.22984877353), np.float64(-3358.7277722673775), np.float64(-3398.952764577612), np.float64(-3856.94254748374)]"
2,50,uneven,1.04,-3486.22,242.77,"[np.float64(-3272.447247888051), np.float64(-3574.0927025031338), np.float64(-3631.780993444511), np.float64(-3371.598256541856), np.float64(-3627.6037886314375), np.float64(-3693.964059353149), np.float64(-3505.2686725264243), np.float64(-3137.011109219004), np.float64(-4170.996340195215), np.float64(-3923.9384621805025), np.float64(-3586.944191780226), np.float64(-3545.5947150695847), np.float64(-3550.4957393221193), np.float64(-3214.863909979411), np.float64(-3712.2337444779573), np.float64(-3647.409959577087), np.float64(-3874.337810453362), np.float64(-3566.983138407192), np.float64(-3365.7223628740153), np.float64(-3092.151367616135), np.float64(-3707.131143122432), np.float64(-3470.0157202626024), np.float64(-3240.58730539335), np.float64(-3349.948733786817), np.float64(-3270.223900594856), np.float64(-3349.947194383796), np.float64(-3630.843044427798), np.float64(-3414.3513759552684), np.float64(-3704.520138429626), np.float64(-3777.07535399901), np.float64(-3456.6416208087808), np.float64(-3297.307062151916), np.float64(-3469.262245331984), np.float64(-3473.999084941435), np.float64(-3267.921401058428), np.float64(-3536.2487136508366), np.float64(-3287.3255785917), np.float64(-3020.148572810381), np.float64(-3500.4066334566037), np.float64(-3474.665476996721), np.float64(-3220.064521688345), np.float64(-3803.890940462239), np.float64(-2841.8050152971746), np.float64(-3539.732290730107), np.float64(-3626.472322174889), np.float64(-3608.6444235086456), np.float64(-3310.22984877353), np.float64(-3340.111032733915), np.float64(-3398.952764577612), np.float64(-3856.94254748374)]"
2,50,uneven,1.06,-3487.86,251.15,"[np.float64(-3272.447247888051), np.float64(-3574.0927025031338), np.float64(-3631.780993444511), np.float64(-3377.111944588657), np.float64(-3627.6037886314375), np.float64(-3695.464486573637), np.float64(-3505.2686725264243), np.float64(-3137.011109219004), np.float64(-4170.996340195215), np.float64(-3984.5439325699226), np.float64(-3586.944191780226), np.float64(-3599.0811128282044), np.float64(-3600.1872302455176), np.float64(-3251.1260501078123), np.float64(-3712.2337444779573), np.float64(-3647.409959577087), np.float64(-3874.337810453362), np.float64(-3566.983138407192), np.float64(-3365.7223628740153), np.float64(-3075.3003353532167), np.float64(-3701.1578302269045), np.float64(-3467.1870555113633), np.float64(-3123.868112309891), np.float64(-3349.948733786817), np.float64(-3270.223900594856), np.float64(-3349.947194383796), np.float64(-3630.843044427798), np.float64(-3414.3513759552684), np.float64(-3704.520138429626), np.float64(-3777.07535399901), np.float64(-3456.6416208087808), np.float64(-3231.5913326714735), np.float64(-3469.262245331984), np.float64(-3473.999084941435), np.float64(-3278.927461626205), np.float64(-3536.2487136508366), np.float64(-3287.3255785917), np.float64(-3015.5653927875383), np.float64(-3500.4066334566037), np.float64(-3528.601947496272), np.float64(-3189.973005869316), np.float64(-3803.890940462239), np.float64(-2841.8050152971746), np.float64(-3541.8978412240535), np.float64(-3665.1732593558327), np.float64(-3608.6444235086456), np.float64(-3310.22984877353), np.float64(-3340.111032733915), np.float64(-3398.952764577612), np.float64(-3869.2147616154302)]"
2,50,uneven,1.08,-3487.89,249.04,"[np.float64(-3272.447247888051), np.float64(-3574.0927025031338), np.float64(-3631.780993444511), np.float64(-3377.111944588657), np.float64(-3598.440645336266), np.float64(-3695.464486573637), np.float64(-3505.2686725264243), np.float64(-3137.011109219004), np.float64(-4170.996340195215), np.float64(-3984.5439325699226), np.float64(-3614.7323190527068), np.float64(-3599.0811128282044), np.float64(-3604.0330286248495), np.float64(-3251.1260501078123), np.float64(-3712.2337444779573), np.float64(-3603.3894639161986), np.float64(-3874.337810453362), np.float64(-3566.983138407192), np.float64(-3363.3094511868503), np.float64(-3075.3003353532167), np.float64(-3701.1578302269045), np.float64(-3467.1870555113633), np.float64(-3137.0195609090347), np.float64(-3433.716209248671), np.float64(-3286.550546229401), np.float64(-3331.882060569585), np.float64(-3630.843044427798), np.float64(-3419.62642393555), np.float64(-3704.520138429626), np.float64(-3777.07535399901), np.float64(-3456.6416208087808), np.float64(-3231.5913326714735), np.float64(-3469.262245331984), np.float64(-3473.999084941435), np.float64(-3278.927461626205), np.float64(-3536.2487136508366), np.float64(-3287.3255785917), np.float64(-3015.5653927875383), np.float64(-3500.4066334566037), np.float64(-3530.996474649751), np.float64(-3208.261497062791), np.float64(-3803.890940462239), np.float64(-2841.8050152971746), np.float64(-3463.910804566009), np.float64(-3665.1732593558327), np.float64(-3608.6444235086456), np.float64(-3310.22984877353), np.float64(-3342.4268257861763), np.float64(-3398.952764577612), np.float64(-3869.2147616154302)]"
2,50,uneven,1.1,-3486.19,251.03,"[np.float64(-3272.447247888051), np.float64(-3575.4380101676884), np.float64(-3631.780993444511), np.float64(-3377.111944588657), np.float64(-3598.440645336266), np.float64(-3695.464486573637), np.float64(-3505.2686725264243), np.float64(-3137.011109219004), np.float64(-4170.996340195215), np.float64(-3984.5439325699226), np.float64(-3614.7323190527068), np.float64(-3595.254222960361), np.float64(-3604.0330286248495), np.float64(-3251.1260501078123), np.float64(-3712.2337444779573), np.float64(-3603.3894639161986), np.float64(-3874.337810453362), np.float64(-3566.983138407192), np.float64(-3368.9321405499886), np.float64(-3075.3003353532167), np.float64(-3701.1578302269045), np.float64(-3467.1870555113633), np.float64(-3137.0195609090347), np.float64(-3433.716209248671), np.float64(-3221.534256362239), np.float64(-3331.882060569585), np.float64(-3630.843044427798), np.float64(-3419.62642393555), np.float64(-3713.0000673496916), np.float64(-3777.07535399901), np.float64(-3395.0459149174294), np.float64(-3231.5913326714735), np.float64(-3469.262245331984), np.float64(-3473.999084941435), np.float64(-3278.927461626205), np.float64(-3536.2487136508366), np.float64(-3287.3255785917), np.float64(-3007.682987887973), np.float64(-3510.752463292381), np.float64(-3547.4029720735416), np.float64(-3208.261497062791), np.float64(-3803.890940462239), np.float64(-2845.972371298319), np.float64(-3463.910804566009), np.float64(-3677.30369154459), np.float64(-3608.6444235086456), np.float64(-3310.22984877353), np.float64(-3337.0409007436115), np.float64(-3398.952764577612), np.float64(-3869.2147616154302)]"
2,100,uniform,1.0,-6467.98,294.27,"[np.float64(-6713.954027533408), np.float64(-6755.7300172045225), np.float64(-6590.110416754735), np.float64(-6390.059345426297), np.float64(-6301.944361286831), np.float64(-6685.469521191342), np.float64(-6311.579973234349), np.float64(-6269.712049401086), np.float64(-7067.963358101956), np.float64(-6443.443051475536), np.float64(-6459.932861080285), np.float64(-6683.999259382555), np.float64(-6237.80333184639), np.float64(-6473.718064720867), np.float64(-6436.7131091549545), np.float64(-6648.225243705039), np.float64(-6454.938098017306), np.float64(-6040.961888093927), np.float64(-6359.4150960471225), np.float64(-6159.7575088170715), np.float64(-6064.544594689862), np.float64(-6121.106598911477), np.float64(-6586.952814935758), np.float64(-6562.602370564757), np.float64(-6435.3887350370605), np.float64(-6373.215431459733), np.float64(-6934.475824975606), np.float64(-5970.423667710799), np.float64(-6792.709010445434), np.float64(-5749.254515652084), np.float64(-6457.188099014171), np.float64(-6526.738940105133), np.float64(-6284.208218352294), np.float64(-6171.935766166953), np.float64(-6800.44005169073), np.float64(-6935.003552126687), np.float64(-6453.407036012634), np.float64(-6570.4277812685195), np.float64(-6298.762067155203), np.float64(-6517.269873794167), np.float64(-6092.871144010167), np.float64(-6858.484375874899), np.float64(-6295.19192759855), np.float64(-6622.457790290105), np.float64(-6913.441470525638), np.float64(-6820.055920867199), np.float64(-6267.871276150658), np.float64(-6319.1455348747095), np.float64(-6012.800723364509), np.float64(-7105.293043818379)]"
2,100,uniform,1.02,-6466.62,296.98,"[np.float64(-6767.777694726507), np.float64(-6659.820318573208), np.float64(-6589.397223508175), np.float64(-6390.059345426297), np.float64(-6221.786955959826), np.float64(-6685.469521191342), np.float64(-6311.579973234349), np.float64(-6269.712049401086), np.float64(-7067.963358101956), np.float64(-6440.891664670044), np.float64(-6459.932861080285), np.float64(-6683.999259382555), np.float64(-6237.80333184639), np.float64(-6473.718064720867), np.float64(-6401.0656201738675), np.float64(-6648.225243705039), np.float64(-6484.773153005162), np.float64(-6047.624991025019), np.float64(-6359.4150960471225), np.float64(-6167.542628401608), np.float64(-6064.544594689862), np.float64(-6121.106598911477), np.float64(-6596.356903001597), np.float64(-6562.602370564757), np.float64(-6435.3887350370605), np.float64(-6373.215431459733), np.float64(-6943.829395619777), np.float64(-5970.423667710799), np.float64(-6810.8143282010615), np.float64(-5749.254515652084), np.float64(-6457.188099014171), np.float64(-6531.7153421506755), np.float64(-6284.208218352294), np.float64(-6171.935766166953), np.float64(-6800.44005169073), np.float64(-6935.003552126687), np.float64(-6441.168394539304), np.float64(-6575.2816323173865), np.float64(-6293.799714566457), np.float64(-6524.754916214076), np.float64(-6073.136654159929), np.float64(-6858.484375874899), np.float64(-6295.19192759855), np.float64(-6674.513756598516), np.float64(-6913.441470525638), np.float64(-6820.055920867199), np.float64(-6247.324079304625), np.float64(-6319.1455348747095), np.float64(-6012.800723364509), np.float64(-7105.293043818379)]"
2,100,uniform,1.04,-6468.31,299.36,"[np.float64(-6767.777694726507), np.float64(-6659.820318573208), np.float64(-6557.053129886747), np.float64(-6390.059345426297), np.float64(-6221.786955959826), np.float64(-6626.295169591873), np.float64(-6311.579973234349), np.float64(-6269.712049401086), np.float64(-7067.963358101956), np.float64(-6440.891664670044), np.float64(-6432.874615688592), np.float64(-6683.999259382555), np.float64(-6347.416592288655), np.float64(-6473.718064720867), np.float64(-6401.0656201738675), np.float64(-6722.31421087904), np.float64(-6481.249946291867), np.float64(-6044.087505206022), np.float64(-6359.4150960471225), np.float64(-6125.900811858522), np.float64(-6064.544594689862), np.float64(-6121.106598911477), np.float64(-6584.90283934004), np.float64(-6562.602370564757), np.float64(-6436.3218192410595), np.float64(-6373.215431459733), np.float64(-6932.788739414308), np.float64(-5973.262391469808), np.float64(-6810.8143282010615), np.float64(-5687.547582313039), np.float64(-6466.740094535999), np.float64(-6531.7153421506755), np.float64(-6284.208218352294), np.float64(-6171.935766166953), np.float64(-6815.849947993495), np.float64(-6935.003552126687), np.float64(-6441.168394539304), np.float64(-6554.663246503072), np.float64(-6293.799714566457), np.float64(-6561.916356911808), np.float64(-6073.136654159929), np.float64(-6857.3592588306055), np.float64(-6393.916938679476), np.float64(-6674.513756598516), np.float64(-6913.441470525638), np.float64(-6820.055920867199), np.float64(-6247.324079304625), np.float64(-6319.1455348747095), np.float64(-6012.800723364509), np.float64(-7114.946399102245)]"
2,100,uniform,1.06,-6467.83,303.84,"[np.float64(-6767.777694726507), np.float64(-6659.820318573208), np.float64(-6551.46515461533), np.float64(-6390.059345426297), np.float64(-6221.786955959826), np.float64(-6647.908119702407), np.float64(-6311.579973234349), np.float64(-6269.712049401086), np.float64(-7048.0270558499715), np.float64(-6445.785049700038), np.float64(-6432.874615688592), np.float64(-6651.772731802522), np.float64(-6347.416592288655), np.float64(-6486.336465229003), np.float64(-6401.0656201738675), np.float64(-6696.915623421725), np.float64(-6516.132541910675), np.float64(-5980.125594456459), np.float64(-6359.4150960471225), np.float64(-6133.6859314430585), np.float64(-5990.818784474287), np.float64(-6121.106598911477), np.float64(-6584.426210749441), np.float64(-6562.602370564757), np.float64(-6436.3218192410595), np.float64(-6371.279172745968), np.float64(-6936.914843651216), np.float64(-5971.3842150735245), np.float64(-6790.187791153597), np.float64(-5687.547582313039), np.float64(-6478.070909034801), np.float64(-6526.055263473465), np.float64(-6284.208218352294), np.float64(-6171.935766166953), np.float64(-6815.849947993495), np.float64(-6950.395585096903), np.float64(-6441.168394539304), np.float64(-6554.663246503072), np.float64(-6293.799714566457), np.float64(-6645.596225475284), np.float64(-6073.136654159929), np.float64(-6801.519729840544), np.float64(-6393.916938679476), np.float64(-6674.513756598516), np.float64(-6913.441470525638), np.float64(-6906.618532864659), np.float64(-6247.324079304625), np.float64(-6319.1455348747095), np.float64(-6012.800723364509), np.float64(-7114.946399102245)]"
2,100,uniform,1.08,-6468.2,299.3,"[np.float64(-6767.777694726507), np.float64(-6659.820318573208), np.float64(-6562.948248467696), np.float64(-6390.059345426297), np.float64(-6221.786955959826), np.float64(-6647.908119702407), np.float64(-6390.449179485009), np.float64(-6342.702845941539), np.float64(-6921.645086094221), np.float64(-6437.995654197661), np.float64(-6432.874615688592), np.float64(-6686.3089112617545), np.float64(-6347.416592288655), np.float64(-6486.336465229003), np.float64(-6401.0656201738675), np.float64(-6709.379893983703), np.float64(-6516.132541910675), np.float64(-5980.125594456459), np.float64(-6359.4150960471225), np.float64(-6133.6859314430585), np.float64(-5990.818784474287), np.float64(-6121.106598911477), np.float64(-6596.822327639159), np.float64(-6553.77033023411), np.float64(-6436.3218192410595), np.float64(-6371.279172745968), np.float64(-6936.849955706629), np.float64(-5999.385057661796), np.float64(-6790.187791153597), np.float64(-5687.547582313039), np.float64(-6467.0148524256565), np.float64(-6569.207669021219), np.float64(-6284.208218352294), np.float64(-6171.935766166953), np.float64(-6815.849947993495), np.float64(-6950.395585096903), np.float64(-6441.168394539304), np.float64(-6554.663246503072), np.float64(-6293.799714566457), np.float64(-6645.596225475284), np.float64(-6082.4625867853365), np.float64(-6786.130210016066), np.float64(-6263.559447896446), np.float64(-6674.513756598516), np.float64(-6913.441470525638), np.float64(-6921.892744537387), np.float64(-6247.324079304625), np.float64(-6319.1455348747095), np.float64(-6012.800723364509), np.float64(-7114.946399102245)]"
2,100,uniform,1.1,-6472.81,298.23,"[np.float64(-6767.777694726507), np.float64(-6659.820318573208), np.float64(-6562.948248467696), np.float64(-6390.059345426297), np.float64(-6263.4359755169235), np.float64(-6647.908119702407), np.float64(-6390.449179485009), np.float64(-6342.702845941539), np.float64(-6921.645086094221), np.float64(-6437.995654197661), np.float64(-6432.874615688592), np.float64(-6686.3089112617545), np.float64(-6347.416592288655), np.float64(-6486.336465229003), np.float64(-6417.820379335192), np.float64(-6759.832022612934), np.float64(-6516.132541910675), np.float64(-5936.536630250766), np.float64(-6359.4150960471225), np.float64(-6095.744026153506), np.float64(-5990.818784474287), np.float64(-6121.106598911477), np.float64(-6596.822327639159), np.float64(-6553.77033023411), np.float64(-6436.3218192410595), np.float64(-6427.594551800158), np.float64(-6936.849955706629), np.float64(-6107.547314051919), np.float64(-6790.187791153597), np.float64(-5683.419026432429), np.float64(-6457.7172120904), np.float64(-6569.207669021219), np.float64(-6284.208218352294), np.float64(-6171.935766166953), np.float64(-6815.849947993495), np.float64(-6950.395585096903), np.float64(-6441.168394539304), np.float64(-6554.663246503072), np.float64(-6330.577472618722), np.float64(-6645.596225475284), np.float64(-6082.4625867853365), np.float64(-6786.130210016066), np.float64(-6278.683347776132), np.float64(-6674.513756598516), np.float64(-6913.441470525638), np.float64(-6921.892744537387), np.float64(-6247.324079304625), np.float64(-6319.1455348747095), np.float64(-6012.800723364509), np.float64(-7114.946399102245)]"
2,100,uneven,1.0,-6879.66,296.9,"[np.float64(-6944.202880167988), np.float64(-7168.553508119935), np.float64(-6925.899318152706), np.float64(-6972.070510316865), np.float64(-6846.728136492036), np.float64(-7259.957494607325), np.float64(-6662.4168428572875), np.float64(-6861.536626805334), np.float64(-7440.3913226481845), np.float64(-7154.806103235569), np.float64(-6985.004107822909), np.float64(-6869.69192687718), np.float64(-6968.790786113805), np.float64(-6668.149725886483), np.float64(-6767.915818305832), np.float64(-6797.879519236519), np.float64(-7208.492389774107), np.float64(-6583.41239906011), np.float64(-6670.7573344714565), np.float64(-6469.933186367284), np.float64(-6796.655364003093), np.float64(-6750.401887665751), np.float64(-6766.726239413975), np.float64(-6836.404088982326), np.float64(-7017.239435595786), np.float64(-6524.841023466714), np.float64(-7014.279104481787), np.float64(-6510.338869067331), np.float64(-7102.094159201375), np.float64(-6520.842529300319), np.float64(-6617.738928521943), np.float64(-6859.700601950454), np.float64(-6546.677064169337), np.float64(-6908.641973723463), np.float64(-7239.871212501892), np.float64(-7226.5144789182605), np.float64(-7137.3655390647245), np.float64(-6886.5755670241015), np.float64(-6713.730317032792), np.float64(-6613.946082252466), np.float64(-6443.410835350163), np.float64(-7160.446851500635), np.float64(-6405.054875952133), np.float64(-6760.208700959798), np.float64(-7350.956087686624), np.float64(-7588.574780745826), np.float64(-6818.292974825054), np.float64(-6659.442862748299), np.float64(-6351.757040957065), np.float64(-7627.861774594572)]"
2,100,uneven,1.02,-6876.42,300.03,"[np.float64(-6944.202880167988), np.float64(-7131.310832635196), np.float64(-6925.899318152706), np.float64(-6972.070510316865), np.float64(-6846.728136492036), np.float64(-7254.028334197138), np.float64(-6662.4168428572875), np.float64(-6861.536626805334), np.float64(-7440.3913226481845), np.float64(-7154.806103235569), np.float64(-6985.004107822909), np.float64(-6865.372981522188), np.float64(-7007.187667282345), np.float64(-6668.149725886483), np.float64(-6770.621003505146), np.float64(-6797.879519236519), np.float64(-7227.713038082626), np.float64(-6583.41239906011), np.float64(-6621.392047241099), np.float64(-6436.950663581783), np.float64(-6756.197568595207), np.float64(-6792.578707532141), np.float64(-6737.009418669417), np.float64(-6844.236927774984), np.float64(-7017.239435595786), np.float64(-6524.841023466714), np.float64(-7029.099776990515), np.float64(-6510.338869067331), np.float64(-7157.458257458645), np.float64(-6520.842529300319), np.float64(-6617.738928521943), np.float64(-6858.60571186199), np.float64(-6546.677064169337), np.float64(-6908.641973723463), np.float64(-7239.871212501892), np.float64(-7226.5144789182605), np.float64(-7125.1268975913945), np.float64(-6797.92103508024), np.float64(-6713.730317032792), np.float64(-6615.940009636501), np.float64(-6443.410835350163), np.float64(-7160.446851500635), np.float64(-6385.0110663145415), np.float64(-6760.208700959798), np.float64(-7337.14028159072), np.float64(-7577.854767816431), np.float64(-6818.292974825054), np.float64(-6642.080332081462), np.float64(-6359.482027837461), np.float64(-7639.591581691792)]"
2,100,uneven,1.04,-6875.9,305.28,"[np.float64(-6968.01946478941), np.float64(-7136.214467572852), np.float64(-6925.899318152706), np.float64(-7015.054407707255), np.float64(-6859.489051095524), np.float64(-7188.709380193727), np.float64(-6662.4168428572875), np.float64(-6940.1931638962715), np.float64(-7470.968617790668), np.float64(-7179.5892199961145), np.float64(-6997.517571764272), np.float64(-6865.372981522188), np.float64(-7001.695270135483), np.float64(-6668.149725886483), np.float64(-6770.621003505146), np.float64(-6871.968486410519), np.float64(-7227.713038082626), np.float64(-6583.41239906011), np.float64(-6620.302350355218), np.float64(-6436.950663581783), np.float64(-6756.197568595207), np.float64(-6792.578707532141), np.float64(-6737.009418669417), np.float64(-6844.236927774984), np.float64(-7017.239435595786), np.float64(-6524.841023466714), np.float64(-7025.562157629456), np.float64(-6522.27789839447), np.float64(-7157.458257458645), np.float64(-6505.534704993847), np.float64(-6617.738928521943), np.float64(-6847.239107117891), np.float64(-6546.677064169337), np.float64(-6908.641973723463), np.float64(-7232.500670818331), np.float64(-7226.5144789182605), np.float64(-7122.058945626106), np.float64(-6807.470838754376), np.float64(-6686.887729672204), np.float64(-6478.498303453192), np.float64(-6441.265555704181), np.float64(-7160.446851500635), np.float64(-6373.946313871743), np.float64(-6714.653620475278), np.float64(-7337.14028159072), np.float64(-7577.854767816431), np.float64(-6818.292974825054), np.float64(-6644.546062834804), np.float64(-6340.044298639363), np.float64(-7639.591581691792)]"
2,100,uneven,1.06,-6875.49,310.45,"[np.float64(-6968.01946478941), np.float64(-7134.964116287967), np.float64(-6925.899318152706), np.float64(-7015.054407707255), np.float64(-6859.489051095524), np.float64(-7188.709380193727), np.float64(-6625.706086228315), np.float64(-6946.320555768806), np.float64(-7470.968617790668), np.float64(-7179.5892199961145), np.float64(-6997.517571764272), np.float64(-6865.372981522188), np.float64(-7018.504359583775), np.float64(-6668.149725886483), np.float64(-6806.152743357198), np.float64(-6871.968486410519), np.float64(-7227.713038082626), np.float64(-6583.41239906011), np.float64(-6618.943830798138), np.float64(-6446.535485359095), np.float64(-6792.284097191889), np.float64(-6841.0920296912245), np.float64(-6737.009418669417), np.float64(-6837.283592188389), np.float64(-7017.239435595786), np.float64(-6494.21250477892), np.float64(-6991.129618888755), np.float64(-6522.27789839447), np.float64(-7160.020026867925), np.float64(-6491.318445452863), np.float64(-6607.434809972881), np.float64(-6835.25388794196), np.float64(-6531.710215789993), np.float64(-6875.52498753957), np.float64(-7244.691999302307), np.float64(-7167.195723119279), np.float64(-7132.173002727516), np.float64(-6807.470838754376), np.float64(-6686.887729672204), np.float64(-6473.034881127947), np.float64(-6438.246916713031), np.float64(-7160.446851500635), np.float64(-6371.050736279223), np.float64(-6714.653620475278), np.float64(-7337.14028159072), np.float64(-7663.107219671616), np.float64(-6824.29923967535), np.float64(-6621.596401642525), np.float64(-6340.044298639363), np.float64(-7639.591581691792)]"
2,100,uneven,1.08,-6875.29,315.61,"[np.float64(-6873.819882963646), np.float64(-7134.964116287967), np.float64(-6933.747488510255), np.float64(-7015.054407707255), np.float64(-6868.007623591098), np.float64(-7188.709380193727), np.float64(-6641.098184245509), np.float64(-7048.038398162569), np.float64(-7470.968617790668), np.float64(-7185.745528913343), np.float64(-6997.517571764272), np.float64(-6865.372981522188), np.float64(-7004.960766049347), np.float64(-6607.907715002047), np.float64(-6806.152743357198), np.float64(-6871.968486410519), np.float64(-7240.278875062056), np.float64(-6583.41239906011), np.float64(-6468.080908421779), np.float64(-6442.823183461614), np.float64(-6792.284097191889), np.float64(-6841.0920296912245), np.float64(-6737.009418669417), np.float64(-6884.367118545473), np.float64(-7027.068190492524), np.float64(-6498.7214099776465), np.float64(-6991.129618888755), np.float64(-6548.151934876516), np.float64(-7160.020026867925), np.float64(-6491.318445452863), np.float64(-6607.434809972881), np.float64(-6833.601267440136), np.float64(-6531.710215789993), np.float64(-6875.52498753957), np.float64(-7244.691999302307), np.float64(-7167.195723119279), np.float64(-7131.568720552911), np.float64(-6807.470838754376), np.float64(-6686.887729672204), np.float64(-6495.76765078624), np.float64(-6431.202255483569), np.float64(-7160.446851500635), np.float64(-6375.218092280368), np.float64(-6714.653620475278), np.float64(-7358.406905063243), np.float64(-7663.107219671616), np.float64(-6844.373392249405), np.float64(-6618.526269652221), np.float64(-6340.044298639363), np.float64(-7656.715326751214)]"
2,100,uneven,1.1,-6882.33,319.15,"[np.float64(-6902.726088528165), np.float64(-7134.964116287967), np.float64(-6933.747488510255), np.float64(-7074.475446690243), np.float64(-6880.768538194586), np.float64(-7182.793406923836), np.float64(-6641.098184245509), np.float64(-7048.038398162569), np.float64(-7469.5032553900655), np.float64(-7185.745528913343), np.float64(-7010.135988608669), np.float64(-6900.211093947958), np.float64(-7021.769855497637), np.float64(-6607.907715002047), np.float64(-6805.59839312251), np.float64(-6842.165132079593), np.float64(-7260.315175853236), np.float64(-6583.41239906011), np.float64(-6466.7223888646995), np.float64(-6432.396635403126), np.float64(-6796.896388473928), np.float64(-6878.417195239752), np.float64(-6766.287802437024), np.float64(-6884.367118545473), np.float64(-7027.068190492524), np.float64(-6498.7214099776465), np.float64(-6991.129618888755), np.float64(-6548.151934876516), np.float64(-7249.3265812066775), np.float64(-6561.647505762569), np.float64(-6607.434809972881), np.float64(-6833.601267440136), np.float64(-6531.710215789993), np.float64(-6875.52498753957), np.float64(-7244.691999302307), np.float64(-7167.195723119279), np.float64(-7131.568720552911), np.float64(-6807.470838754376), np.float64(-6686.887729672204), np.float64(-6493.738301370277), np.float64(-6431.91564501553), np.float64(-7184.443851024424), np.float64(-6351.548046768802), np.float64(-6714.653620475278), np.float64(-7358.406905063243), np.float64(-7674.055265169367), np.float64(-6831.499427186788), np.float64(-6606.791851988823), np.float64(-6340.044298639363), np.float64(-7656.715326751214)]"
2,200,uniform,1.0,-12805.0,466.85,"[np.float64(-12802.974074407883), np.float64(-13723.730120683778), np.float64(-13100.433282720916), np.float64(-12854.902879461873), np.float64(-12313.671696106907), np.float64(-13506.270252646722), np.float64(-12649.972731796915), np.float64(-12025.136303298998), np.float64(-13472.017509956078), np.float64(-12790.327310197974), np.float64(-12746.807687211569), np.float64(-12859.110022486922), np.float64(-12647.71523383856), np.float64(-12942.86446031877), np.float64(-13098.25084495224), np.float64(-12965.192879191487), np.float64(-12295.863008839007), np.float64(-11767.026028477463), np.float64(-13125.637502857426), np.float64(-12124.652592746104), np.float64(-12293.561696338555), np.float64(-12693.18669605582), np.float64(-13076.20218433286), np.float64(-12832.812401772799), np.float64(-12827.898552164022), np.float64(-12449.020659218795), np.float64(-13081.368822423801), np.float64(-12591.39920314003), np.float64(-12935.70927561249), np.float64(-11679.662436701525), np.float64(-12995.870592802316), np.float64(-12711.419912046904), np.float64(-12449.758713719659), np.float64(-12677.357617060055), np.float64(-13395.636502988078), np.float64(-13493.320597159507), np.float64(-12338.01475468793), np.float64(-12391.067235636354), np.float64(-12750.149333874295), np.float64(-12518.99550417933), np.float64(-12516.294457288472), np.float64(-13445.032892170339), np.float64(-13153.422650701898), np.float64(-12624.552656652495), np.float64(-13026.890385757573), np.float64(-13938.50939443758), np.float64(-12809.983429230202), np.float64(-13195.687803083292), np.float64(-12230.142685116809), np.float64(-13314.33221653462)]"
2,200,uniform,1.02,-12800.85,473.71,"[np.float64(-12819.298044248879), np.float64(-13727.332716499981), np.float64(-13233.421705199278), np.float64(-12929.766646248198), np.float64(-12313.671696106907), np.float64(-13506.270252646722), np.float64(-12653.333815815295), np.float64(-12025.136303298998), np.float64(-13376.130589698798), np.float64(-12790.327310197974), np.float64(-12746.807687211569), np.float64(-12859.110022486922), np.float64(-12647.71523383856), np.float64(-12921.953501856146), np.float64(-13084.577298868946), np.float64(-12926.081569542164), np.float64(-12286.260321911173), np.float64(-11685.482985631601), np.float64(-13122.136196350471), np.float64(-12124.652592746104), np.float64(-12293.561696338555), np.float64(-12709.116822806602), np.float64(-13089.721408256923), np.float64(-12702.390620224653), np.float64(-12827.898552164022), np.float64(-12467.72012370849), np.float64(-13137.47497331123), np.float64(-12668.600772884432), np.float64(-12892.57329249469), np.float64(-11633.342856557936), np.float64(-13002.383304266828), np.float64(-12711.419912046904), np.float64(-12464.64344328741), np.float64(-12749.600418272274), np.float64(-13379.212425372194), np.float64(-13501.788749901669), np.float64(-12338.01475468793), np.float64(-12298.956527247374), np.float64(-12706.703350185875), np.float64(-12518.99550417933), np.float64(-12513.716574913333), np.float64(-13445.032892170339), np.float64(-13160.545111084079), np.float64(-12652.61111378067), np.float64(-12971.391594828065), np.float64(-13929.387625155563), np.float64(-12823.948492917767), np.float64(-13195.687803083292), np.float64(-12179.15060042056), np.float64(-13297.2832308327)]"
2,200,uniform,1.04,-12804.08,472.84,"[np.float64(-12843.345073912898), np.float64(-13727.332716499981), np.float64(-13233.421705199278), np.float64(-12929.766646248198), np.float64(-12282.78495904565), np.float64(-13506.270252646722), np.float64(-12653.333815815295), np.float64(-12025.136303298998), np.float64(-13376.130589698798), np.float64(-12801.002914838264), np.float64(-12750.70996433726), np.float64(-12859.110022486922), np.float64(-12647.71523383856), np.float64(-12921.953501856146), np.float64(-13090.232467994852), np.float64(-12926.081569542164), np.float64(-12375.190602363438), np.float64(-11685.482985631601), np.float64(-13117.381436681964), np.float64(-12124.652592746104), np.float64(-12293.561696338555), np.float64(-12709.116822806602), np.float64(-13104.00466845743), np.float64(-12812.55289736916), np.float64(-12827.898552164022), np.float64(-12467.72012370849), np.float64(-13180.85301247705), np.float64(-12668.600772884432), np.float64(-12892.57329249469), np.float64(-11672.236438966409), np.float64(-13002.383304266828), np.float64(-12711.419912046904), np.float64(-12515.499369232293), np.float64(-12749.600418272274), np.float64(-13385.793362559747), np.float64(-13498.00833591637), np.float64(-12338.01475468793), np.float64(-12261.396140824141), np.float64(-12706.703350185875), np.float64(-12525.640571978409), np.float64(-12513.716574913333), np.float64(-13445.032892170339), np.float64(-13195.13702748519), np.float64(-12478.34110127418), np.float64(-12971.391594828065), np.float64(-13907.531872210406), np.float64(-12823.948492917767), np.float64(-13195.687803083292), np.float64(-12175.348015601532), np.float64(-13297.2832308327)]"
2,200,uniform,1.06,-12806.09,469.77,"[np.float64(-12844.2078324478), np.float64(-13727.332716499981), np.float64(-13233.421705199278), np.float64(-12929.766646248198), np.float64(-12282.78495904565), np.float64(-13506.270252646722), np.float64(-12653.333815815295), np.float64(-12025.136303298998), np.float64(-13376.130589698798), np.float64(-12801.002914838264), np.float64(-12750.70996433726), np.float64(-12864.052461220332), np.float64(-12647.71523383856), np.float64(-12921.953501856146), np.float64(-13090.232467994852), np.float64(-12926.081569542164), np.float64(-12379.499195666416), np.float64(-11685.482985631601), np.float64(-13113.880130175008), np.float64(-12124.652592746104), np.float64(-12293.561696338555), np.float64(-12709.116822806602), np.float64(-13104.00466845743), np.float64(-12812.55289736916), np.float64(-12827.898552164022), np.float64(-12467.72012370849), np.float64(-13177.646510887103), np.float64(-12668.600772884432), np.float64(-12900.33764747601), np.float64(-11672.236438966409), np.float64(-13002.383304266828), np.float64(-12711.419912046904), np.float64(-12515.499369232293), np.float64(-12749.600418272274), np.float64(-13343.33043412148), np.float64(-13498.00833591637), np.float64(-12340.282059271023), np.float64(-12261.396140824141), np.float64(-12706.703350185875), np.float64(-12532.612202745895), np.float64(-12513.716574913333), np.float64(-13445.032892170339), np.float64(-13203.622979815156), np.float64(-12504.896465149945), np.float64(-12971.391594828065), np.float64(-13915.78071207399), np.float64(-12823.948492917767), np.float64(-13195.687803083292), np.float64(-12254.437057139083), np.float64(-13297.2832308327)]"
2,200,uniform,1.08,-12809.51,472.33,"[np.float64(-12865.118926982164), np.float64(-13749.970735191055), np.float64(-13233.421705199278), np.float64(-12929.766646248198), np.float64(-12282.78495904565), np.float64(-13506.270252646722), np.float64(-12653.333815815295), np.float64(-12025.136303298998), np.float64(-13370.288848888107), np.float64(-12707.723242965769), np.float64(-12750.70996433726), np.float64(-12876.777002249082), np.float64(-12689.371763982994), np.float64(-12921.953501856146), np.float64(-13225.45684616527), np.float64(-12926.081569542164), np.float64(-12379.499195666416), np.float64(-11723.78487583552), np.float64(-13113.880130175008), np.float64(-12105.826454416152), np.float64(-12293.561696338555), np.float64(-12657.572409915452), np.float64(-13104.00466845743), np.float64(-12827.321678365632), np.float64(-12827.898552164022), np.float64(-12467.72012370849), np.float64(-13204.264536397239), np.float64(-12668.600772884432), np.float64(-12900.33764747601), np.float64(-11672.236438966409), np.float64(-13048.977353003032), np.float64(-12711.419912046904), np.float64(-12515.499369232293), np.float64(-12770.36120659733), np.float64(-13343.33043412148), np.float64(-13477.300825364711), np.float64(-12340.282059271023), np.float64(-12261.396140824141), np.float64(-12706.703350185875), np.float64(-12553.070627136067), np.float64(-12513.716574913333), np.float64(-13445.032892170339), np.float64(-13233.074297324592), np.float64(-12504.896465149945), np.float64(-12957.311171036108), np.float64(-13914.23295154809), np.float64(-12823.948492917767), np.float64(-13168.888784591129), np.float64(-12224.581114083127), np.float64(-13301.024131738217)]"
2,200,uniform,1.1,-12811.11,470.59,"[np.float64(-12865.118926982164), np.float64(-13749.970735191055), np.float64(-13087.821094497365), np.float64(-12929.766646248198), np.float64(-12282.78495904565), np.float64(-13506.270252646722), np.float64(-12653.333815815295), np.float64(-12088.671628525233), np.float64(-13385.12400753751), np.float64(-12707.723242965769), np.float64(-12751.04356210986), np.float64(-12876.777002249082), np.float64(-12762.252709598826), np.float64(-12914.58148022897), np.float64(-13225.45684616527), np.float64(-12926.081569542164), np.float64(-12379.499195666416), np.float64(-11724.76861592495), np.float64(-13113.880130175008), np.float64(-12105.826454416152), np.float64(-12293.561696338555), np.float64(-12677.850309428259), np.float64(-13170.770538544864), np.float64(-12827.321678365632), np.float64(-12827.898552164022), np.float64(-12462.668961706564), np.float64(-13217.03179976329), np.float64(-12668.600772884432), np.float64(-12900.33764747601), np.float64(-11627.813686071253), np.float64(-13058.969157166044), np.float64(-12711.419912046904), np.float64(-12509.904146701138), np.float64(-12770.36120659733), np.float64(-13302.11866295822), np.float64(-13477.300825364711), np.float64(-12355.440968341536), np.float64(-12261.396140824141), np.float64(-12706.703350185875), np.float64(-12553.070627136067), np.float64(-12521.65269490701), np.float64(-13445.032892170339), np.float64(-13233.074297324592), np.float64(-12534.860516766366), np.float64(-12957.311171036108), np.float64(-13927.992346570836), np.float64(-12823.948492917767), np.float64(-13168.888784591129), np.float64(-12224.581114083127), np.float64(-13301.024131738217)]"
2,200,uneven,1.0,-13665.02,461.24,"[np.float64(-13330.893031556681), np.float64(-14772.295327095466), np.float64(-13991.7072808442), np.float64(-13503.131659640863), np.float64(-13550.472939231402), np.float64(-14405.38532632635), np.float64(-13331.072177704242), np.float64(-13314.042345250884), np.float64(-14218.170847151863), np.float64(-13939.678370893951), np.float64(-14014.227478224444), np.float64(-13887.825567208558), np.float64(-13549.19848694314), np.float64(-13914.150081810467), np.float64(-13849.582115653118), np.float64(-13827.142354093352), np.float64(-13410.226181294185), np.float64(-13050.290984519077), np.float64(-13752.513632685675), np.float64(-13199.902439739424), np.float64(-13824.604178286154), np.float64(-13659.269528455789), np.float64(-13317.823998765329), np.float64(-13835.012984110845), np.float64(-13850.851634933211), np.float64(-13385.880303652022), np.float64(-14078.935400931596), np.float64(-13642.10201701396), np.float64(-13647.352593909953), np.float64(-12982.62828933451), np.float64(-13596.42335541161), np.float64(-13771.208560298619), np.float64(-12703.09622144979), np.float64(-13787.783037034216), np.float64(-14166.07782920139), np.float64(-14433.218068414475), np.float64(-13583.786948387888), np.float64(-13327.949178017052), np.float64(-13233.011625428795), np.float64(-12909.830814188303), np.float64(-13209.756809112781), np.float64(-13400.105275153215), np.float64(-13606.807463312884), np.float64(-13219.54195708512), np.float64(-13769.462828308237), np.float64(-14970.551363215067), np.float64(-13885.563990776574), np.float64(-13891.381589420074), np.float64(-12684.67260816834), np.float64(-14064.512973369932)]"
2,200,uneven,1.02,-13668.67,462.98,"[np.float64(-13330.893031556681), np.float64(-14768.89772430041), np.float64(-13973.45938701962), np.float64(-13588.16893888392), np.float64(-13559.200310990389), np.float64(-14380.862913587995), np.float64(-13329.123935827134), np.float64(-13336.684018160879), np.float64(-14209.313643555462), np.float64(-13944.272701674625), np.float64(-14037.042868019298), np.float64(-13957.934684689415), np.float64(-13549.19848694314), np.float64(-13890.649278412206), np.float64(-13846.711232424273), np.float64(-13863.134447734637), np.float64(-13424.326216699541), np.float64(-13124.458654925942), np.float64(-13737.46779634452), np.float64(-13199.23048349382), np.float64(-13824.604178286154), np.float64(-13677.346145045984), np.float64(-13304.880000920952), np.float64(-13872.041610902132), np.float64(-13840.420651606091), np.float64(-13433.556046529378), np.float64(-14078.935400931596), np.float64(-13670.68169420912), np.float64(-13712.27601610911), np.float64(-12984.494539730427), np.float64(-13518.91966699686), np.float64(-13756.187862481813), np.float64(-12666.277795683869), np.float64(-13765.764553991306), np.float64(-14200.511786135572), np.float64(-14439.0311770749), np.float64(-13583.786948387888), np.float64(-13235.838469628072), np.float64(-13233.042377063504), np.float64(-12900.214453285933), np.float64(-13182.841379942169), np.float64(-13400.105275153215), np.float64(-13631.557834471998), np.float64(-13219.54195708512), np.float64(-13769.462828308237), np.float64(-14972.421249704958), np.float64(-13885.563990776574), np.float64(-13870.882034117818), np.float64(-12686.528596612025), np.float64(-14064.512973369932)]"
2,200,uneven,1.04,-13671.46,464.17,"[np.float64(-13331.35291725158), np.float64(-14763.343668298878), np.float64(-13967.868014141704), np.float64(-13588.365722847771), np.float64(-13483.519363637706), np.float64(-14383.615190919489), np.float64(-13319.047834468118), np.float64(-13404.13089050521), np.float64(-14208.418638380619), np.float64(-13810.90832360677), np.float64(-14037.042868019298), np.float64(-13988.969963899428), np.float64(-13549.19848694314), np.float64(-13890.062410312825), np.float64(-13851.880023228388), np.float64(-13876.87968732472), np.float64(-13425.80690700548), np.float64(-13124.458654925942), np.float64(-13737.46779634452), np.float64(-13214.207342924901), np.float64(-13862.302065348114), np.float64(-13666.828558703328), np.float64(-13306.53299951923), np.float64(-13872.041610902132), np.float64(-13840.420651606091), np.float64(-13463.002603497593), np.float64(-14171.005850249057), np.float64(-13670.68169420912), np.float64(-13716.97953847241), np.float64(-12995.184818518808), np.float64(-13518.91966699686), np.float64(-13761.818850537074), np.float64(-12672.262926033658), np.float64(-13765.764553991306), np.float64(-14181.933657561294), np.float64(-14445.314840976513), np.float64(-13583.786948387888), np.float64(-13252.097755366729), np.float64(-13250.20295671828), np.float64(-12901.2435305449), np.float64(-13192.414571483712), np.float64(-13328.185068671968), np.float64(-13631.557834471998), np.float64(-13219.54195708512), np.float64(-13858.117549574203), np.float64(-14963.496122275623), np.float64(-13854.023095675991), np.float64(-13870.882034117818), np.float64(-12672.60982383739), np.float64(-14127.425913181713)]"
2,200,uneven,1.06,-13673.98,465.59,"[np.float64(-13336.057225009728), np.float64(-14763.343668298878), np.float64(-13880.689917230467), np.float64(-13602.254484830706), np.float64(-13483.519363637706), np.float64(-14354.942453549551), np.float64(-13351.750907859772), np.float64(-13417.262189415378), np.float64(-14209.802660962452), np.float64(-13810.90832360677), np.float64(-14048.333071982926), np.float64(-14023.811616212326), np.float64(-13541.962093073415), np.float64(-13894.901400191031), np.float64(-13831.634219825759), np.float64(-13888.999543705559), np.float64(-13437.169575161115), np.float64(-13123.046345363915), np.float64(-13752.82809538088), np.float64(-13214.207342924901), np.float64(-13890.706564024324), np.float64(-13687.41213782961), np.float64(-13306.53299951923), np.float64(-13919.744832240642), np.float64(-13834.860959556674), np.float64(-13466.324708436867), np.float64(-14186.583050968276), np.float64(-13764.908597352243), np.float64(-13716.97953847241), np.float64(-13032.15632726168), np.float64(-13513.282118285659), np.float64(-13762.701730252484), np.float64(-12672.262926033658), np.float64(-13765.764553991306), np.float64(-14213.752228704923), np.float64(-14441.15060473123), np.float64(-13583.786948387888), np.float64(-13264.71591597701), np.float64(-13250.20295671828), np.float64(-12928.28733206018), np.float64(-13169.213652446093), np.float64(-13306.888803553613), np.float64(-13434.163007367435), np.float64(-13231.177640963142), np.float64(-13858.117549574203), np.float64(-14994.493236847056), np.float64(-13863.35199781676), np.float64(-13871.810329887387), np.float64(-12672.60982383739), np.float64(-14127.425913181713)]"
2,200,uneven,1.08,-13680.7,461.14,"[np.float64(-13336.95395885249), np.float64(-14765.609219094356), np.float64(-13836.549118034449), np.float64(-13610.763961270672), np.float64(-13499.823375451699), np.float64(-14354.942453549551), np.float64(-13354.58697214496), np.float64(-13403.74685664102), np.float64(-14192.09596299826), np.float64(-13809.491681285956), np.float64(-14049.361091488245), np.float64(-14023.811616212326), np.float64(-13536.660638605483), np.float64(-13887.632331410516), np.float64(-13834.137795687626), np.float64(-13903.745939525199), np.float64(-13518.776338919855), np.float64(-13125.760351246927), np.float64(-13738.471149429237), np.float64(-13236.684829063368), np.float64(-13916.028528570001), np.float64(-13698.39692206274), np.float64(-13277.534755534945), np.float64(-13925.82148784354), np.float64(-13855.221293732597), np.float64(-13470.3882531438), np.float64(-14186.583050968276), np.float64(-13764.908597352243), np.float64(-13802.195269201899), np.float64(-13032.15632726168), np.float64(-13546.674731913949), np.float64(-13854.824707299027), np.float64(-12672.262926033658), np.float64(-13719.158626543083), np.float64(-14213.752228704923), np.float64(-14441.15060473123), np.float64(-13583.786948387888), np.float64(-13305.02835870795), np.float64(-13250.20295671828), np.float64(-12948.041925169557), np.float64(-13165.61401735853), np.float64(-13302.817526793766), np.float64(-13449.957958014134), np.float64(-13231.177640963142), np.float64(-13883.37390677288), np.float64(-14992.278787538484), np.float64(-13877.795461247399), np.float64(-13805.278953952093), np.float64(-12725.747935907542), np.float64(-14117.088212225177)]"
2,200,uneven,1.1,-13685.06,469.65,"[np.float64(-13357.38069634798), np.float64(-14768.302909577447), np.float64(-13836.549118034449), np.float64(-13621.88820926921), np.float64(-13499.823375451699), np.float64(-14335.291538339221), np.float64(-13345.16411603464), np.float64(-13444.668982642663), np.float64(-14171.508705407272), np.float64(-13794.991399584373), np.float64(-14060.766274615093), np.float64(-14045.789557171329), np.float64(-13566.561031423122), np.float64(-13890.385355700297), np.float64(-13850.241794129104), np.float64(-13899.013614876929), np.float64(-13521.08027352522), np.float64(-13188.488327019715), np.float64(-13732.041551225699), np.float64(-13236.684829063368), np.float64(-13936.178425847813), np.float64(-13682.466665615526), np.float64(-13275.373443863922), np.float64(-13952.403851715586), np.float64(-13855.221293732597), np.float64(-13470.260450552749), np.float64(-14211.719292640697), np.float64(-13764.908597352243), np.float64(-13807.321352823614), np.float64(-13027.805612503827), np.float64(-13501.076116939224), np.float64(-13865.736290869834), np.float64(-12639.301598330843), np.float64(-13723.263176092209), np.float64(-14273.858187163916), np.float64(-14523.605388711525), np.float64(-13583.786948387888), np.float64(-13305.02835870795), np.float64(-13250.20295671828), np.float64(-12952.711975432649), np.float64(-13125.595015055036), np.float64(-13342.238455167088), np.float64(-13447.062380421614), np.float64(-13230.830347576659), np.float64(-13873.871096703884), np.float64(-15066.866870288339), np.float64(-13741.94204329269), np.float64(-13813.291858324756), np.float64(-12725.747935907542), np.float64(-14116.892567483093)]"
2,400,uniform,1.0,-25422.71,658.03,"[np.float64(-25734.189794813305), np.float64(-26295.060451761048), np.float64(-25667.548180394886), np.float64(-25747.621132427863), np.float64(-25019.592112996485), np.float64(-25168.048663428177), np.float64(-25728.846985291388), np.float64(-23873.437857399796), np.float64(-26087.343034958158), np.float64(-25986.65370023344), np.float64(-25641.245053329072), np.float64(-24939.37712321974), np.float64(-24734.74083031456), np.float64(-25862.09153831547), np.float64(-26610.723131238738), np.float64(-25004.399347917137), np.float64(-24866.16029876728), np.float64(-24988.787075202417), np.float64(-25356.177007884235), np.float64(-24452.07544006249), np.float64(-24574.400014312476), np.float64(-25274.667960212646), np.float64(-25895.84101964375), np.float64(-24882.60804159282), np.float64(-25390.845260984475), np.float64(-24680.483510995535), np.float64(-25253.52513986883), np.float64(-25049.764592349842), np.float64(-25986.66045366165), np.float64(-24385.815388543197), np.float64(-26400.48022472996), np.float64(-24931.16504963241), np.float64(-24938.99767073967), np.float64(-26074.45465157289), np.float64(-25705.955171601945), np.float64(-25822.679277854782), np.float64(-25318.076291490284), np.float64(-24846.432447599313), np.float64(-25546.05303551675), np.float64(-25242.323362736184), np.float64(-25442.148458337866), np.float64(-25460.822017880742), np.float64(-25885.188806097154), np.float64(-24515.086296732825), np.float64(-25793.709482976465), np.float64(-27451.813970823998), np.float64(-25364.35168307796), np.float64(-26333.10068773284), np.float64(-24693.783429560423), np.float64(-26229.97695442758)]"
2,400,uniform,1.02,-25428.76,656.81,"[np.float64(-25701.483630011557), np.float64(-26278.359568551), np.float64(-25785.49526690745), np.float64(-25616.259481897654), np.float64(-25008.865183870243), np.float64(-25122.706881947088), np.float64(-25739.831061148445), np.float64(-23870.971258880796), np.float64(-26101.5119251182), np.float64(-25987.564658684227), np.float64(-25660.18262903462), np.float64(-24926.368900047957), np.float64(-24734.74083031456), np.float64(-25862.09153831547), np.float64(-26616.444358230376), np.float64(-25004.399347917137), np.float64(-24866.16029876728), np.float64(-24985.478008664457), np.float64(-25427.153248419458), np.float64(-24455.877763710458), np.float64(-24584.676187026293), np.float64(-25274.667960212646), np.float64(-25915.035456028196), np.float64(-24962.423754542804), np.float64(-25390.845260984475), np.float64(-24680.580653612942), np.float64(-25249.81258713465), np.float64(-25064.874113527512), np.float64(-25961.80258411489), np.float64(-24383.421166319007), np.float64(-26478.207689629577), np.float64(-24930.607205460365), np.float64(-24944.745688908806), np.float64(-26103.473247085163), np.float64(-25709.138399847114), np.float64(-25802.318812328846), np.float64(-25318.076291490284), np.float64(-24851.683532398194), np.float64(-25559.77532694297), np.float64(-25287.313560862065), np.float64(-25442.148458337866), np.float64(-25466.816198156324), np.float64(-25844.010854865424), np.float64(-24597.01644655715), np.float64(-25793.709482976465), np.float64(-27451.813970823998), np.float64(-25364.35168307796), np.float64(-26339.953009930978), np.float64(-24702.693231244637), np.float64(-26229.97695442758)]"
2,400,uniform,1.04,-25435.05,648.62,"[np.float64(-25701.483630011557), np.float64(-26264.940653985144), np.float64(-25785.49526690745), np.float64(-25616.259481897654), np.float64(-25008.865183870243), np.float64(-25122.706881947088), np.float64(-25739.831061148445), np.float64(-23870.971258880796), np.float64(-26101.5119251182), np.float64(-25997.45494878807), np.float64(-25594.55613256618), np.float64(-24943.262731223873), np.float64(-24756.96810275506), np.float64(-25791.022758392184), np.float64(-26654.37279826955), np.float64(-25004.399347917137), np.float64(-24880.4571905173), np.float64(-24996.16024674351), np.float64(-25427.153248419458), np.float64(-24442.96433349374), np.float64(-24636.212549868025), np.float64(-25283.8981333189), np.float64(-25924.8755205818), np.float64(-24962.423754542804), np.float64(-25390.845260984475), np.float64(-24696.05441875254), np.float64(-25249.81258713465), np.float64(-24909.671278893147), np.float64(-25961.80258411489), np.float64(-24513.530420252537), np.float64(-26480.840029754792), np.float64(-25018.552370491045), np.float64(-25108.274850590347), np.float64(-26137.61376151222), np.float64(-25716.608721018656), np.float64(-25794.056056334506), np.float64(-25318.076291490284), np.float64(-24849.305602001892), np.float64(-25559.77532694297), np.float64(-25230.49065936121), np.float64(-25504.00816535046), np.float64(-25441.81052407173), np.float64(-25784.16190270073), np.float64(-24653.004578697855), np.float64(-25840.17568394062), np.float64(-27451.813970823998), np.float64(-25364.35168307796), np.float64(-26329.29497094658), np.float64(-24710.521924231223), np.float64(-26229.97695442758)]"
2,400,uniform,1.06,-25443.23,648.5,"[np.float64(-25704.844610028496), np.float64(-26264.940653985144), np.float64(-25785.49526690745), np.float64(-25636.155501194193), np.float64(-24964.814774025002), np.float64(-25145.8206222947), np.float64(-25739.831061148445), np.float64(-23884.61437877542), np.float64(-26116.855544064165), np.float64(-26009.9009765571), np.float64(-25594.55613256618), np.float64(-25068.073607299357), np.float64(-24756.712682050344), np.float64(-25786.290629705913), np.float64(-26667.292432734983), np.float64(-25004.399347917137), np.float64(-24880.4571905173), np.float64(-24994.866462834376), np.float64(-25427.153248419458), np.float64(-24442.96433349374), np.float64(-24636.212549868025), np.float64(-25290.053792034752), np.float64(-25944.26115829545), np.float64(-24918.424799555723), np.float64(-25390.845260984475), np.float64(-24694.360604153473), np.float64(-25249.81258713465), np.float64(-24909.671278893147), np.float64(-25961.80258411489), np.float64(-24513.530420252537), np.float64(-26506.752442197816), np.float64(-25032.46360839218), np.float64(-25120.635844389315), np.float64(-26179.621828985688), np.float64(-25767.98609234177), np.float64(-25794.056056334506), np.float64(-25348.31442613065), np.float64(-24884.882417016397), np.float64(-25557.320649466197), np.float64(-25234.450079761304), np.float64(-25504.00816535046), np.float64(-25442.217329633746), np.float64(-25764.557904550005), np.float64(-24653.004578697855), np.float64(-25840.17568394062), np.float64(-27451.813970823998), np.float64(-25364.35168307796), np.float64(-26329.29497094658), np.float64(-24770.5290770348), np.float64(-26229.97695442758)]"
2,400,uniform,1.08,-25450.29,650.02,"[np.float64(-25690.536136702725), np.float64(-26258.210113072033), np.float64(-25802.873546143383), np.float64(-25636.155501194193), np.float64(-24964.814774025002), np.float64(-25145.8206222947), np.float64(-25761.006400049475), np.float64(-23884.61437877542), np.float64(-26116.855544064165), np.float64(-25993.56186939768), np.float64(-25594.55613256618), np.float64(-25089.868676992224), np.float64(-24756.712682050344), np.float64(-25786.290629705913), np.float64(-26645.543814339042), np.float64(-25004.399347917137), np.float64(-24880.4571905173), np.float64(-25001.59036336084), np.float64(-25427.153248419458), np.float64(-24442.96433349374), np.float64(-24636.212549868025), np.float64(-25388.601980503696), np.float64(-25944.26115829545), np.float64(-24918.424799555723), np.float64(-25390.845260984475), np.float64(-24694.360604153473), np.float64(-25249.81258713465), np.float64(-24915.308830683014), np.float64(-26005.66324552963), np.float64(-24513.530420252537), np.float64(-26515.967222640895), np.float64(-25085.185852671868), np.float64(-25119.955803214303), np.float64(-26179.621828985688), np.float64(-25768.605560401807), np.float64(-25778.310220050327), np.float64(-25348.31442613065), np.float64(-24869.23795292837), np.float64(-25570.940832924003), np.float64(-25238.698647140835), np.float64(-25504.00816535046), np.float64(-25451.84591351321), np.float64(-25764.557904550005), np.float64(-24653.004578697855), np.float64(-25840.17568394062), np.float64(-27451.813970823998), np.float64(-25364.35168307796), np.float64(-26442.038686693886), np.float64(-24796.958788554206), np.float64(-26229.97695442758)]"
2,400,uniform,1.1,-25449.06,640.14,"[np.float64(-25690.536136702725), np.float64(-26258.210113072033), np.float64(-25806.78277832961), np.float64(-25636.155501194193), np.float64(-24953.904553604665), np.float64(-25143.950541733255), np.float64(-25768.588123766614), np.float64(-23884.61437877542), np.float64(-26116.239051861758), np.float64(-26010.743921925077), np.float64(-25610.818136338396), np.float64(-25085.36948118478), np.float64(-24756.712682050344), np.float64(-25786.290629705913), np.float64(-26671.234821160626), np.float64(-24957.402450692673), np.float64(-24880.4571905173), np.float64(-25006.08871501686), np.float64(-25427.153248419458), np.float64(-24442.96433349374), np.float64(-24715.693065920692), np.float64(-25388.601980503696), np.float64(-25944.26115829545), np.float64(-24954.21244656075), np.float64(-25390.845260984475), np.float64(-24707.507712577863), np.float64(-25249.81258713465), np.float64(-24911.449616034795), np.float64(-25901.298500396257), np.float64(-24513.530420252537), np.float64(-26526.53239155401), np.float64(-25094.964005731596), np.float64(-25144.38283003484), np.float64(-26197.088775993507), np.float64(-25768.605560401807), np.float64(-25778.310220050327), np.float64(-25376.708547026057), np.float64(-24869.23795292837), np.float64(-25560.745526064587), np.float64(-25235.939416977766), np.float64(-25504.00816535046), np.float64(-25425.43921667491), np.float64(-25764.557904550005), np.float64(-24653.004578697855), np.float64(-25840.17568394062), np.float64(-27314.113112025098), np.float64(-25364.35168307796), np.float64(-26442.038686693886), np.float64(-24791.520480758583), np.float64(-26229.97695442758)]"
2,400,uneven,1.0,-27195.33,681.61,"[np.float64(-27268.189681079544), np.float64(-28337.12446570806), np.float64(-27000.490777607596), np.float64(-27130.88825588831), np.float64(-27028.730031450614), np.float64(-27208.97392154201), np.float64(-26997.50586486702), np.float64(-26253.358718743904), np.float64(-27895.280390116855), np.float64(-28052.38971765687), np.float64(-27892.389472937724), np.float64(-26932.158889942028), np.float64(-26709.422419937142), np.float64(-27568.8449939475), np.float64(-28079.266500625166), np.float64(-27242.018702130477), np.float64(-26512.134500126092), np.float64(-26973.60432060076), np.float64(-27388.555208313548), np.float64(-26407.68589597423), np.float64(-27617.295671391905), np.float64(-26744.35350941427), np.float64(-27160.64283981293), np.float64(-27119.02670495241), np.float64(-27293.33555608578), np.float64(-26547.561442619874), np.float64(-27313.393400908913), np.float64(-26741.179236652963), np.float64(-27682.39591910061), np.float64(-26239.913421326048), np.float64(-27343.832695254718), np.float64(-26098.746783749306), np.float64(-25775.1113347369), np.float64(-28059.732157578706), np.float64(-27910.024806864847), np.float64(-27789.828382549495), np.float64(-27927.016765163975), np.float64(-26356.04444867584), np.float64(-27237.658361441034), np.float64(-26894.330554831977), np.float64(-27163.046377419643), np.float64(-26747.492254972236), np.float64(-27475.678109380737), np.float64(-26113.240581589318), np.float64(-27273.085107701183), np.float64(-29091.488167687607), np.float64(-27242.589739810996), np.float64(-27622.184885856655), np.float64(-25889.064759509914), np.float64(-28418.254230331393)]"
2,400,uneven,1.02,-27187.56,684.43,"[np.float64(-27251.72176712504), np.float64(-28337.12446570806), np.float64(-26974.026421804323), np.float64(-27107.15681595532), np.float64(-27028.730031450614), np.float64(-27077.958690357147), np.float64(-26975.837151238647), np.float64(-26259.64618159416), np.float64(-27886.957040001438), np.float64(-28059.839784499603), np.float64(-27832.389235461895), np.float64(-26940.615504697238), np.float64(-26737.958337044605), np.float64(-27523.376127871597), np.float64(-28062.417519267616), np.float64(-27303.58878438525), np.float64(-26540.38583712886), np.float64(-26973.60432060076), np.float64(-27383.744414127257), np.float64(-26414.836170610753), np.float64(-27636.001050361887), np.float64(-26749.701439951383), np.float64(-27167.353685608363), np.float64(-27110.780915347736), np.float64(-27360.876860508128), np.float64(-26554.654062629117), np.float64(-27375.186109146925), np.float64(-26741.179236652963), np.float64(-27758.558741176956), np.float64(-26198.12691339355), np.float64(-27324.562452640224), np.float64(-26039.95273309955), np.float64(-25787.20164123615), np.float64(-28067.67429777441), np.float64(-27910.024806864847), np.float64(-27756.523638399187), np.float64(-27874.293755600476), np.float64(-26356.04444867584), np.float64(-27168.17886590625), np.float64(-26899.547773553757), np.float64(-27173.79141395606), np.float64(-26766.492499384254), np.float64(-27475.678109380737), np.float64(-25995.292526881487), np.float64(-27248.364545288376), np.float64(-29088.969500060204), np.float64(-27248.74994650406), np.float64(-27564.97647709336), np.float64(-25889.064759509914), np.float64(-28418.254230331393)]"
2,400,uneven,1.04,-27194.08,679.02,"[np.float64(-27332.69979854506), np.float64(-28337.12446570806), np.float64(-26985.514463339783), np.float64(-27138.92081688602), np.float64(-27086.261158956026), np.float64(-27096.943323540792), np.float64(-26801.93317912081), np.float64(-26278.472833065072), np.float64(-27874.341388493678), np.float64(-28030.899065080157), np.float64(-27794.831527249306), np.float64(-26947.45084625636), np.float64(-26697.410350245973), np.float64(-27536.340049724073), np.float64(-28035.999840468605), np.float64(-27303.58878438525), np.float64(-26526.625253806975), np.float64(-26977.619417345883), np.float64(-27473.516754401844), np.float64(-26430.499979502376), np.float64(-27693.442450642975), np.float64(-26804.024824921038), np.float64(-27171.343169385156), np.float64(-27122.02816822513), np.float64(-27290.096074332654), np.float64(-26563.03468556681), np.float64(-27375.186109146925), np.float64(-26760.76657685696), np.float64(-27777.298193462895), np.float64(-26243.430903470573), np.float64(-27296.36161944115), np.float64(-26045.30518645122), np.float64(-25804.107115715855), np.float64(-28067.887025312182), np.float64(-27910.024806864847), np.float64(-27756.523638399187), np.float64(-27874.293755600476), np.float64(-26386.332091419208), np.float64(-27147.252834941526), np.float64(-26925.888828935334), np.float64(-27246.87085608385), np.float64(-26784.306148766795), np.float64(-27477.07036265199), np.float64(-26020.95305331181), np.float64(-27260.726680559084), np.float64(-29047.345437310076), np.float64(-27277.34737791173), np.float64(-27557.052694553277), np.float64(-25877.91416610645), np.float64(-28452.92838029461)]"
2,400,uneven,1.06,-27207.37,683.56,"[np.float64(-27319.340156209026), np.float64(-28400.176998901046), np.float64(-27028.39038549054), np.float64(-27142.623974845665), np.float64(-27070.002654169282), np.float64(-27114.139918172787), np.float64(-26783.254034333357), np.float64(-26324.643430511067), np.float64(-27889.587411658053), np.float64(-28062.23061185527), np.float64(-27838.134302232247), np.float64(-26972.51056076101), np.float64(-26711.44260610696), np.float64(-27536.340049724073), np.float64(-28054.841682169812), np.float64(-27372.214645609547), np.float64(-26540.758878273755), np.float64(-27005.97364467963), np.float64(-27484.89296926668), np.float64(-26448.212890748204), np.float64(-27726.492535677517), np.float64(-26797.34853593069), np.float64(-27162.041947804886), np.float64(-27196.39909063453), np.float64(-27290.096074332654), np.float64(-26639.314258642797), np.float64(-27309.347082526474), np.float64(-26766.53853988234), np.float64(-27787.751201488685), np.float64(-26207.23735587357), np.float64(-27286.91691391838), np.float64(-26006.95040181929), np.float64(-25800.52215677912), np.float64(-28070.648395098822), np.float64(-27979.194361917947), np.float64(-27780.975783356313), np.float64(-27874.293755600476), np.float64(-26377.279184705007), np.float64(-27194.135607099583), np.float64(-26939.92875545259), np.float64(-27268.183145755018), np.float64(-26773.950258041288), np.float64(-27499.24191149757), np.float64(-26050.303188571987), np.float64(-27294.73326944097), np.float64(-29009.10826735042), np.float64(-27302.673330486916), np.float64(-27561.992341989324), np.float64(-25854.770141847723), np.float64(-28460.59705566238)]"
2,400,uneven,1.08,-27226.62,684.31,"[np.float64(-27303.280041200647), np.float64(-28434.48507703065), np.float64(-27022.51780449528), np.float64(-27153.71705469618), np.float64(-27063.427378795128), np.float64(-27161.27879255026), np.float64(-26820.58416425135), np.float64(-26359.143252844544), np.float64(-27889.587411658053), np.float64(-28065.85284097387), np.float64(-27838.134302232247), np.float64(-27027.433412833652), np.float64(-26726.091434269118), np.float64(-27529.786673214556), np.float64(-28047.73954776908), np.float64(-27372.214645609547), np.float64(-26558.804030379444), np.float64(-27005.97364467963), np.float64(-27543.21353320776), np.float64(-26474.317594913708), np.float64(-27808.33314895589), np.float64(-26797.596290236568), np.float64(-27168.393367397635), np.float64(-27223.103654336446), np.float64(-27310.36534642484), np.float64(-26651.074422506827), np.float64(-27344.590579400112), np.float64(-26796.51058921605), np.float64(-27871.4967632372), np.float64(-26210.187716058506), np.float64(-27264.53295416567), np.float64(-26032.19456283207), np.float64(-25828.40437641089), np.float64(-28110.0560819864), np.float64(-28028.118005786917), np.float64(-27797.38406453618), np.float64(-27904.57770090523), np.float64(-26398.770342553908), np.float64(-27194.135607099583), np.float64(-26987.57942256666), np.float64(-27274.737059456038), np.float64(-26817.36256662694), np.float64(-27532.683789790997), np.float64(-26050.303188571987), np.float64(-27291.801649980138), np.float64(-29015.393842983867), np.float64(-27314.40241866139), np.float64(-27563.9631926728), np.float64(-25874.107768964495), np.float64(-28471.190450100294)]"
2,400,uneven,1.1,-27248.14,684.96,"[np.float64(-27344.854547213774), np.float64(-28454.455999372094), np.float64(-27055.155074117614), np.float64(-27149.699805841345), np.float64(-27136.043188134965), np.float64(-27215.07165218221), np.float64(-26819.41629692293), np.float64(-26398.328016110845), np.float64(-27932.26415548608), np.float64(-28086.90673791133), np.float64(-27785.00994081668), np.float64(-27027.433412833652), np.float64(-26737.389177898935), np.float64(-27529.786673214556), np.float64(-28022.5362728987), np.float64(-27498.44835659059), np.float64(-26572.636372887468), np.float64(-27011.614380690862), np.float64(-27598.34703377729), np.float64(-26474.317594913708), np.float64(-27859.32004941958), np.float64(-26807.712654403746), np.float64(-27168.393367397635), np.float64(-27225.05313552821), np.float64(-27325.340865064474), np.float64(-26682.093084300202), np.float64(-27391.58304417552), np.float64(-26820.282086894837), np.float64(-27921.212307700433), np.float64(-26193.092494400014), np.float64(-27294.522696437638), np.float64(-26031.597361993496), np.float64(-25911.54574756143), np.float64(-28124.97012083561), np.float64(-28122.870127681163), np.float64(-27819.71678183698), np.float64(-27930.374424128717), np.float64(-26402.746643471444), np.float64(-27150.601588466587), np.float64(-26975.954593675597), np.float64(-27295.287228804926), np.float64(-26865.30445946055), np.float64(-27558.204599916477), np.float64(-26098.25997568117), np.float64(-27302.819928164754), np.float64(-28993.884616786916), np.float64(-27297.177877315957), np.float64(-27568.706238535156), np.float64(-25887.65922114392), np.float64(-28530.868509693748)]"
3,50,uniform,1.0,-2640.87,214.33,"[np.float64(-2642.9356895420606), np.float64(-2366.916903700422), np.float64(-2706.642179420143), np.float64(-2654.780551668495), np.float64(-2725.570404169076), np.float64(-2687.539113147935), np.float64(-2340.06892473889), np.float64(-2527.8275601587056), np.float64(-2678.760850496264), np.float64(-3114.319234691708), np.float64(-2698.624483317494), np.float64(-2526.7523691605493), np.float64(-2499.7872124158766), np.float64(-2434.692872722398), np.float64(-2620.6192759852624), np.float64(-2560.725209104947), np.float64(-3121.7550565738557), np.float64(-2791.5273495968654), np.float64(-2895.1745586763964), np.float64(-2925.128190795787), np.float64(-2206.6632150738888), np.float64(-2235.3449701598965), np.float64(-2366.6265117425028), np.float64(-2569.053843193321), np.float64(-2738.7614443626717), np.float64(-2911.495176043413), np.float64(-2623.4893958433377), np.float64(-2567.155982605793), np.float64(-2551.045569426585), np.float64(-2977.4470925508094), np.float64(-2672.558441764132), np.float64(-2541.7876348399677), np.float64(-2462.8949144107005), np.float64(-3024.648654980333), np.float64(-2357.524757468256), np.float64(-2663.5753303158453), np.float64(-2714.23868386519), np.float64(-2200.7550219423006), np.float64(-2518.1713601615893), np.float64(-2698.1411314519078), np.float64(-2792.460783298695), np.float64(-2552.0657786384395), np.float64(-2836.3646891681387), np.float64(-2687.3773725894744), np.float64(-2525.2111121364314), np.float64(-2564.0659553060323), np.float64(-2427.6593977489674), np.float64(-2870.3421271937054), np.float64(-2845.0996898751478), np.float64(-2821.2778892777387)]"
3,50,uniform,1.02,-2646.97,216.88,"[np.float64(-2635.790419959708), np.float64(-2366.916903700422), np.float64(-2798.4680571126573), np.float64(-2711.3403090503643), np.float64(-2725.570404169076), np.float64(-2687.539113147935), np.float64(-2340.06892473889), np.float64(-2555.866381372771), np.float64(-2678.760850496264), np.float64(-3114.319234691708), np.float64(-2698.624483317494), np.float64(-2526.7523691605493), np.float64(-2499.7872124158766), np.float64(-2434.692872722398), np.float64(-2620.6192759852624), np.float64(-2596.2249113573807), np.float64(-3140.1624767912263), np.float64(-2791.5273495968654), np.float64(-2895.1745586763964), np.float64(-2925.128190795787), np.float64(-2206.6632150738888), np.float64(-2235.3449701598965), np.float64(-2379.6171028110975), np.float64(-2569.053843193321), np.float64(-2738.7614443626717), np.float64(-2890.1062516939555), np.float64(-2623.4893958433377), np.float64(-2588.1366543573736), np.float64(-2551.045569426585), np.float64(-2977.4470925508094), np.float64(-2672.558441764132), np.float64(-2541.7876348399677), np.float64(-2462.8949144107005), np.float64(-3024.648654980333), np.float64(-2357.524757468256), np.float64(-2721.682636663923), np.float64(-2714.23868386519), np.float64(-2200.7550219423006), np.float64(-2518.1713601615893), np.float64(-2692.8794310369303), np.float64(-2792.460783298695), np.float64(-2552.0657786384395), np.float64(-2911.070698220488), np.float64(-2687.3773725894744), np.float64(-2525.2111121364314), np.float64(-2517.8598801639687), np.float64(-2427.6593977489674), np.float64(-2863.7792884347787), np.float64(-2831.5553593008844), np.float64(-2829.1010658210866)]"
3,50,uniform,1.04,-2639.43,221.72,"[np.float64(-2637.3288647092113), np.float64(-2236.0259156802085), np.float64(-2752.4705388283733), np.float64(-2695.8212033912678), np.float64(-2699.539310591045), np.float64(-2687.539113147935), np.float64(-2340.06892473889), np.float64(-2595.403844371155), np.float64(-2678.760850496264), np.float64(-3012.541821436492), np.float64(-2714.08520085132), np.float64(-2481.887704695213), np.float64(-2499.7872124158766), np.float64(-2434.692872722398), np.float64(-2620.6192759852624), np.float64(-2596.2249113573807), np.float64(-3190.635870347074), np.float64(-2725.6077608593105), np.float64(-2895.1745586763964), np.float64(-2859.7019207126555), np.float64(-2206.6632150738888), np.float64(-2235.3449701598965), np.float64(-2473.0015150871823), np.float64(-2574.3588909082728), np.float64(-2738.7614443626717), np.float64(-2919.164836981761), np.float64(-2597.8979479591108), np.float64(-2588.1366543573736), np.float64(-2570.8006915089295), np.float64(-3038.5189047918343), np.float64(-2630.9260366541102), np.float64(-2541.7876348399677), np.float64(-2462.8949144107005), np.float64(-3037.1393628059886), np.float64(-2365.6706728865183), np.float64(-2686.0173332727163), np.float64(-2712.7344929570936), np.float64(-2200.7550219423006), np.float64(-2397.4529307240396), np.float64(-2692.8794310369303), np.float64(-2792.460783298695), np.float64(-2552.0657786384395), np.float64(-2910.843779381405), np.float64(-2687.3773725894744), np.float64(-2546.395682523643), np.float64(-2493.780404608284), np.float64(-2385.666961797143), np.float64(-2863.7792884347787), np.float64(-2831.5553593008844), np.float64(-2882.520040022415)]"
3,50,uniform,1.06,-2633.28,227.39,"[np.float64(-2637.3288647092113), np.float64(-2236.0259156802085), np.float64(-2784.609096490224), np.float64(-2695.8212033912678), np.float64(-2699.539310591045), np.float64(-2687.539113147935), np.float64(-2340.06892473889), np.float64(-2559.6896582970758), np.float64(-2678.760850496264), np.float64(-3021.3144998933635), np.float64(-2723.163628342157), np.float64(-2467.021661692118), np.float64(-2499.7872124158766), np.float64(-2434.692872722398), np.float64(-2620.6192759852624), np.float64(-2637.655518620232), np.float64(-3190.635870347074), np.float64(-2725.6077608593105), np.float64(-2895.1745586763964), np.float64(-2859.7019207126555), np.float64(-2206.6632150738888), np.float64(-2235.3449701598965), np.float64(-2333.768722422348), np.float64(-2489.8499695044457), np.float64(-2732.926291624255), np.float64(-2911.5482851453426), np.float64(-2597.8979479591108), np.float64(-2532.320895751711), np.float64(-2553.9333066817803), np.float64(-3064.4602099388635), np.float64(-2630.9260366541102), np.float64(-2541.7876348399677), np.float64(-2462.8949144107005), np.float64(-3030.391049341265), np.float64(-2365.6706728865183), np.float64(-2636.36973259539), np.float64(-2712.7344929570936), np.float64(-2242.392008171339), np.float64(-2397.4529307240396), np.float64(-2722.5041130008194), np.float64(-2833.165790765241), np.float64(-2483.154479506441), np.float64(-2897.5698828589484), np.float64(-2687.3773725894744), np.float64(-2508.6778230391196), np.float64(-2493.780404608284), np.float64(-2385.666961797143), np.float64(-2863.7792884347787), np.float64(-2831.5553593008844), np.float64(-2882.520040022415)]"
3,50,uniform,1.08,-2633.43,233.39,"[np.float64(-2649.105857079854), np.float64(-2236.0259156802085), np.float64(-2784.609096490224), np.float64(-2710.1756941439658), np.float64(-2682.1928434758292), np.float64(-2687.539113147935), np.float64(-2340.06892473889), np.float64(-2559.6896582970758), np.float64(-2678.760850496264), np.float64(-3021.3144998933635), np.float64(-2744.3349356944627), np.float64(-2434.765157367129), np.float64(-2520.71326603459), np.float64(-2434.692872722398), np.float64(-2620.6192759852624), np.float64(-2637.655518620232), np.float64(-3190.635870347074), np.float64(-2728.4604655080702), np.float64(-2895.1745586763964), np.float64(-2804.1110450870774), np.float64(-2206.6632150738888), np.float64(-2174.9928704097833), np.float64(-2333.768722422348), np.float64(-2496.1413539395357), np.float64(-2725.172201275729), np.float64(-2919.164836981761), np.float64(-2597.8979479591108), np.float64(-2532.320895751711), np.float64(-2553.9333066817803), np.float64(-3064.4602099388635), np.float64(-2630.9260366541102), np.float64(-2541.7876348399677), np.float64(-2437.6836465456004), np.float64(-3037.1393628059886), np.float64(-2365.6706728865183), np.float64(-2627.9100269246387), np.float64(-2749.1607080925305), np.float64(-2183.458936064148), np.float64(-2397.4529307240396), np.float64(-2722.5041130008194), np.float64(-2833.165790765241), np.float64(-2483.154479506441), np.float64(-2897.5698828589484), np.float64(-2688.1905113264315), np.float64(-2508.6778230391196), np.float64(-2558.1829863551993), np.float64(-2385.666961797143), np.float64(-2863.7792884347787), np.float64(-2911.9454772151626), np.float64(-2882.520040022415)]"
3,50,uniform,1.1,-2639.15,239.1,"[np.float64(-2640.9865762915724), np.float64(-2203.3485089219926), np.float64(-2784.609096490224), np.float64(-2720.106518132408), np.float64(-2682.1928434758292), np.float64(-2725.4426861529637), np.float64(-2340.06892473889), np.float64(-2559.6896582970758), np.float64(-2678.760850496264), np.float64(-3005.329869515641), np.float64(-2755.6960181947097), np.float64(-2434.765157367129), np.float64(-2520.71326603459), np.float64(-2434.692872722398), np.float64(-2710.291946187426), np.float64(-2637.655518620232), np.float64(-3217.5050846355643), np.float64(-2728.4604655080702), np.float64(-2932.9979083363414), np.float64(-2804.1110450870774), np.float64(-2232.075509481073), np.float64(-2184.714313223203), np.float64(-2333.768722422348), np.float64(-2496.1413539395357), np.float64(-2725.172201275729), np.float64(-2918.058604661667), np.float64(-2583.536231443287), np.float64(-2532.320895751711), np.float64(-2553.9333066817803), np.float64(-3064.4602099388635), np.float64(-2630.9260366541102), np.float64(-2552.775667929991), np.float64(-2437.6836465456004), np.float64(-3099.3479388336873), np.float64(-2365.6706728865183), np.float64(-2627.9100269246387), np.float64(-2728.2591728862085), np.float64(-2183.458936064148), np.float64(-2397.4529307240396), np.float64(-2722.5041130008194), np.float64(-2833.165790765241), np.float64(-2483.154479506441), np.float64(-2976.437596084911), np.float64(-2688.1905113264315), np.float64(-2508.6778230391196), np.float64(-2558.1829863551993), np.float64(-2385.666961797143), np.float64(-2870.3421271937054), np.float64(-2883.4251249910662), np.float64(-2882.520040022415)]"
3,50,uneven,1.0,-2882.51,230.04,"[np.float64(-2879.105441264597), np.float64(-2749.1570285033176), np.float64(-2867.7773471174705), np.float64(-2870.356174838087), np.float64(-2969.2804512310977), np.float64(-3046.2669008554767), np.float64(-2633.3388386839324), np.float64(-2644.856368026491), np.float64(-3246.8996992218495), np.float64(-3443.518107094014), np.float64(-3094.5072261137516), np.float64(-2830.7431915825955), np.float64(-2863.724429012188), np.float64(-2591.805915481356), np.float64(-2925.184452056484), np.float64(-2800.028852435717), np.float64(-3482.273401726631), np.float64(-3076.563378303097), np.float64(-2954.2701349302624), np.float64(-2820.3340521639293), np.float64(-2691.009676488263), np.float64(-2622.923458424153), np.float64(-2472.5669771050802), np.float64(-2586.36992986208), np.float64(-3040.3466506036643), np.float64(-2934.637299533416), np.float64(-2731.565894374847), np.float64(-2955.550306093773), np.float64(-2885.0124100555518), np.float64(-3294.0357156877994), np.float64(-2911.6915896072933), np.float64(-2630.167396460906), np.float64(-2682.900789870401), np.float64(-3133.821186662732), np.float64(-2577.5429062418184), np.float64(-2923.068457759357), np.float64(-2816.224431061853), np.float64(-2336.63352688087), np.float64(-2797.152446514533), np.float64(-2921.859565257621), np.float64(-2765.8515165351178), np.float64(-2829.126000008257), np.float64(-2955.6956061128526), np.float64(-2885.6960270462405), np.float64(-3053.7976316798886), np.float64(-2909.419206905483), np.float64(-2639.2226978074173), np.float64(-3008.8446961233626), np.float64(-3054.0813331923105), np.float64(-3288.6938149775974)]"
3,50,uneven,1.02,-2880.1,229.97,"[np.float64(-2879.105441264597), np.float64(-2749.1570285033176), np.float64(-2867.7773471174705), np.float64(-2884.0693196087664), np.float64(-2969.2804512310977), np.float64(-3046.2669008554767), np.float64(-2633.3388386839324), np.float64(-2651.8592002910696), np.float64(-3246.8996992218495), np.float64(-3443.518107094014), np.float64(-3094.5072261137516), np.float64(-2830.7431915825955), np.float64(-2863.724429012188), np.float64(-2591.805915481356), np.float64(-2948.5650345665535), np.float64(-2800.028852435717), np.float64(-3496.7873204221887), np.float64(-3094.05345425785), np.float64(-2954.2701349302624), np.float64(-2820.3340521639293), np.float64(-2683.177944015539), np.float64(-2622.923458424153), np.float64(-2472.5669771050802), np.float64(-2586.36992986208), np.float64(-3040.3466506036643), np.float64(-2934.637299533416), np.float64(-2731.565894374847), np.float64(-2896.7542433085587), np.float64(-2885.0124100555518), np.float64(-3294.0357156877994), np.float64(-2911.6915896072933), np.float64(-2630.167396460906), np.float64(-2682.900789870401), np.float64(-3135.663608794688), np.float64(-2581.0378853894863), np.float64(-2923.068457759357), np.float64(-2931.884036203983), np.float64(-2299.873580985802), np.float64(-2796.3901273404126), np.float64(-2921.859565257621), np.float64(-2745.3818668148792), np.float64(-2830.746556886896), np.float64(-2971.12259320653), np.float64(-2885.6960270462405), np.float64(-2985.853129022198), np.float64(-2909.419206905483), np.float64(-2639.2226978074173), np.float64(-2935.2551387990857), np.float64(-3020.1261251149667), np.float64(-3254.3254016374117)]"
3,50,uneven,1.04,-2872.95,228.89,"[np.float64(-2871.9601716822444), np.float64(-2589.036506630244), np.float64(-2867.7773471174705), np.float64(-2884.0693196087664), np.float64(-2875.446457931455), np.float64(-3046.2669008554767), np.float64(-2735.210591648322), np.float64(-2651.8592002910696), np.float64(-3240.5752980701363), np.float64(-3443.518107094014), np.float64(-3038.5603678232887), np.float64(-2830.7431915825955), np.float64(-2863.724429012188), np.float64(-2592.1707239874627), np.float64(-2980.7897718755694), np.float64(-2800.028852435717), np.float64(-3496.7873204221887), np.float64(-3094.05345425785), np.float64(-2934.8842704999684), np.float64(-2820.3340521639293), np.float64(-2683.177944015539), np.float64(-2622.923458424153), np.float64(-2472.5669771050802), np.float64(-2586.36992986208), np.float64(-3056.190106644151), np.float64(-2934.637299533416), np.float64(-2760.0442067194535), np.float64(-2874.890769373984), np.float64(-2885.0124100555518), np.float64(-3294.0357156877994), np.float64(-2911.6915896072933), np.float64(-2630.167396460906), np.float64(-2703.715539164621), np.float64(-3126.7502679051327), np.float64(-2581.0378853894863), np.float64(-2923.068457759357), np.float64(-2813.787892200757), np.float64(-2299.873580985802), np.float64(-2813.2134864350564), np.float64(-2879.1249536103023), np.float64(-2805.987586813546), np.float64(-2774.8853974388608), np.float64(-2914.448803748805), np.float64(-2885.6960270462405), np.float64(-2985.853129022198), np.float64(-2909.419206905483), np.float64(-2639.2226978074173), np.float64(-2935.2551387990857), np.float64(-3020.1261251149667), np.float64(-3266.6247211809723)]"
3,50,uneven,1.06,-2873.86,229.45,"[np.float64(-2871.9601716822444), np.float64(-2629.2154438079388), np.float64(-2867.7773471174705), np.float64(-2884.0693196087664), np.float64(-2875.446457931455), np.float64(-3046.2669008554767), np.float64(-2732.107543144223), np.float64(-2651.8592002910696), np.float64(-3240.5752980701363), np.float64(-3443.518107094014), np.float64(-3038.5603678232887), np.float64(-2849.7814151172215), np.float64(-2863.724429012188), np.float64(-2592.1707239874627), np.float64(-2980.7897718755694), np.float64(-2820.326912186618), np.float64(-3498.5364513611366), np.float64(-3094.05345425785), np.float64(-2934.8842704999684), np.float64(-2820.9291492438133), np.float64(-2683.177944015539), np.float64(-2617.7546239524095), np.float64(-2472.5669771050802), np.float64(-2586.36992986208), np.float64(-3056.190106644151), np.float64(-2937.3440099609775), np.float64(-2729.9398101705056), np.float64(-2874.890769373984), np.float64(-2885.0124100555518), np.float64(-3294.0357156877994), np.float64(-2911.6915896072933), np.float64(-2630.167396460906), np.float64(-2703.715539164621), np.float64(-3135.663608794688), np.float64(-2581.0378853894863), np.float64(-2959.772093806147), np.float64(-2795.546268551181), np.float64(-2299.873580985802), np.float64(-2813.2134864350564), np.float64(-2882.8316715188002), np.float64(-2805.987586813546), np.float64(-2730.158747532592), np.float64(-2927.4601446539277), np.float64(-2885.6960270462405), np.float64(-2985.853129022198), np.float64(-2909.419206905483), np.float64(-2639.2226978074173), np.float64(-2935.2551387990857), np.float64(-3020.1261251149667), np.float64(-3266.6247211809723)]"
3,50,uneven,1.08,-2873.02,232.67,"[np.float64(-2877.829456980764), np.float64(-2598.085831965866), np.float64(-2891.676920405505), np.float64(-2894.4499617146753), np.float64(-2909.026403085189), np.float64(-3046.2669008554767), np.float64(-2732.107543144223), np.float64(-2651.8592002910696), np.float64(-3240.5752980701363), np.float64(-3448.9409423798666), np.float64(-3038.5603678232887), np.float64(-2849.7814151172215), np.float64(-2870.2101387921243), np.float64(-2591.805915481356), np.float64(-2980.7897718755694), np.float64(-2820.326912186618), np.float64(-3498.5364513611366), np.float64(-3094.05345425785), np.float64(-2934.8842704999684), np.float64(-2820.9291492438133), np.float64(-2683.177944015539), np.float64(-2534.2519026218133), np.float64(-2472.5669771050802), np.float64(-2640.481655761693), np.float64(-3056.190106644151), np.float64(-2937.3440099609775), np.float64(-2729.9398101705056), np.float64(-2887.484936053609), np.float64(-2900.078825160293), np.float64(-3316.4329008834698), np.float64(-2893.2466923597285), np.float64(-2638.6172061808), np.float64(-2688.81545778973), np.float64(-3130.1147801811453), np.float64(-2581.0378853894863), np.float64(-2958.1701615548), np.float64(-2795.546268551181), np.float64(-2291.262385392991), np.float64(-2813.2134864350564), np.float64(-2882.8316715188002), np.float64(-2777.9475814002885), np.float64(-2730.158747532592), np.float64(-2882.7209992200155), np.float64(-2885.6960270462405), np.float64(-2985.853129022198), np.float64(-2909.419206905483), np.float64(-2639.2226978074173), np.float64(-2931.9124114266056), np.float64(-3020.1261251149667), np.float64(-3266.6247211809723)]"
3,50,uneven,1.1,-2867.63,236.25,"[np.float64(-2859.6172346448993), np.float64(-2598.085831965866), np.float64(-2893.5085331583473), np.float64(-2879.4545288717613), np.float64(-2909.026403085189), np.float64(-3046.2669008554767), np.float64(-2750.701737831305), np.float64(-2542.455855092931), np.float64(-3252.660984744883), np.float64(-3448.9409423798666), np.float64(-3038.5603678232887), np.float64(-2832.5270744818326), np.float64(-2870.2101387921243), np.float64(-2591.805915481356), np.float64(-2980.7897718755694), np.float64(-2860.2865392228236), np.float64(-3498.5364513611366), np.float64(-3118.0249889546185), np.float64(-2934.8842704999684), np.float64(-2810.0407949507153), np.float64(-2683.177944015539), np.float64(-2534.2519026218133), np.float64(-2472.5669771050802), np.float64(-2640.481655761693), np.float64(-3056.190106644151), np.float64(-2937.3440099609775), np.float64(-2734.2888747747434), np.float64(-2898.1499778632447), np.float64(-2900.078825160293), np.float64(-3298.366306905498), np.float64(-2821.9304627385864), np.float64(-2649.3042177677044), np.float64(-2691.8135694363937), np.float64(-3130.1147801811453), np.float64(-2564.4123234516114), np.float64(-2958.1701615548), np.float64(-2795.546268551181), np.float64(-2276.5903347745416), np.float64(-2813.2134864350564), np.float64(-2851.941224553052), np.float64(-2777.9475814002885), np.float64(-2730.158747532592), np.float64(-2882.7209992200155), np.float64(-2858.112409129315), np.float64(-2919.253293444416), np.float64(-2927.3499383976987), np.float64(-2639.2226978074173), np.float64(-2919.604441477965), np.float64(-3020.1261251149667), np.float64(-3282.8452974032907)]"
3,100,uniform,1.0,-5150.53,311.83,"[np.float64(-5225.993609455138), np.float64(-4749.754317952782), np.float64(-5190.46544254876), np.float64(-5371.804816427242), np.float64(-5331.898899922036), np.float64(-5114.412326229937), np.float64(-4731.631739720395), np.float64(-5234.1499685758745), np.float64(-5206.550527787942), np.float64(-5332.779513557033), np.float64(-5412.0842810827035), np.float64(-4970.576832532894), np.float64(-5072.047879400902), np.float64(-4798.144671766466), np.float64(-4970.068657368855), np.float64(-4800.742495302305), np.float64(-5437.77055967899), np.float64(-5461.61824210919), np.float64(-5281.6861386640185), np.float64(-5660.772766506843), np.float64(-4508.636938979468), np.float64(-4898.83275962374), np.float64(-4760.960450516242), np.float64(-5122.329808355331), np.float64(-5143.311712484114), np.float64(-5755.386637529251), np.float64(-4958.938671452835), np.float64(-4812.247436001976), np.float64(-5169.945642899418), np.float64(-5072.227819831121), np.float64(-4833.533344551059), np.float64(-4657.734392317102), np.float64(-5155.777479464855), np.float64(-5929.052063580582), np.float64(-5031.06801313867), np.float64(-5567.451473575951), np.float64(-5241.6883072826095), np.float64(-4738.1918398087355), np.float64(-5080.361514290628), np.float64(-4939.855334032738), np.float64(-5317.951905026429), np.float64(-5254.977343619882), np.float64(-4795.771261817267), np.float64(-5382.008298554934), np.float64(-4935.955058940661), np.float64(-5362.55200627794), np.float64(-4922.70638736665), np.float64(-5615.011717467406), np.float64(-5453.982426764065), np.float64(-5753.189353158607)]"
3,100,uniform,1.02,-5148.75,307.17,"[np.float64(-5323.7914139709765), np.float64(-4766.965415955649), np.float64(-5246.690169134322), np.float64(-5366.929652487328), np.float64(-5302.354552495245), np.float64(-5081.717655903068), np.float64(-4710.837305077791), np.float64(-5263.287586901832), np.float64(-5187.226587871082), np.float64(-5323.6771384182075), np.float64(-5426.7195532980595), np.float64(-4905.373484308014), np.float64(-5075.162071103657), np.float64(-4798.144671766466), np.float64(-4970.068657368855), np.float64(-4800.742495302305), np.float64(-5437.77055967899), np.float64(-5466.244438004324), np.float64(-5281.6861386640185), np.float64(-5586.454929756667), np.float64(-4552.322823555607), np.float64(-4891.921683432008), np.float64(-4765.441464758808), np.float64(-5119.475564818731), np.float64(-5140.076516428621), np.float64(-5785.844939451224), np.float64(-5029.470446573365), np.float64(-4766.848390840791), np.float64(-5178.521050043052), np.float64(-5066.376242997769), np.float64(-4831.534467124111), np.float64(-4788.325468732812), np.float64(-5155.777479464855), np.float64(-5961.482295443518), np.float64(-5007.110779900745), np.float64(-5474.210351662315), np.float64(-5233.048493783584), np.float64(-4721.447089730332), np.float64(-5046.08741162797), np.float64(-4925.040937708932), np.float64(-5225.962843941069), np.float64(-5207.9148916698405), np.float64(-4795.771261817267), np.float64(-5310.782810029797), np.float64(-4970.72537806198), np.float64(-5392.163755512327), np.float64(-4922.70638736665), np.float64(-5619.573486027473), np.float64(-5476.726464029967), np.float64(-5753.189353158607)]"
3,100,uniform,1.04,-5147.91,313.15,"[np.float64(-5207.8917346065155), np.float64(-4760.153924001062), np.float64(-5229.892169892222), np.float64(-5549.79078620809), np.float64(-5323.431993636547), np.float64(-5081.717655903068), np.float64(-4710.837305077791), np.float64(-5263.287586901832), np.float64(-5187.226587871082), np.float64(-5317.403336768997), np.float64(-5486.232989237786), np.float64(-4917.81460713722), np.float64(-5111.232019613214), np.float64(-4741.355979728988), np.float64(-4970.068657368855), np.float64(-4773.631033409892), np.float64(-5464.19570054394), np.float64(-5421.36528338029), np.float64(-5281.6861386640185), np.float64(-5580.791594072615), np.float64(-4576.288494350589), np.float64(-4891.921683432008), np.float64(-4758.1155112111455), np.float64(-5166.401041997979), np.float64(-5105.661786398735), np.float64(-5772.020630352902), np.float64(-5029.470446573365), np.float64(-4768.9651513125855), np.float64(-5179.421428106041), np.float64(-5052.945128961046), np.float64(-4782.698356704772), np.float64(-4768.333096703146), np.float64(-4999.347864151227), np.float64(-5941.871677878178), np.float64(-4988.90972874081), np.float64(-5463.407867961995), np.float64(-5245.429965046343), np.float64(-4740.148734946764), np.float64(-5046.08741162797), np.float64(-4949.360924580917), np.float64(-5244.234787282418), np.float64(-5258.79686267041), np.float64(-4768.262632655469), np.float64(-5387.945112206046), np.float64(-4970.72537806198), np.float64(-5447.778796792374), np.float64(-4922.70638736665), np.float64(-5544.869259645716), np.float64(-5480.903701743863), np.float64(-5762.423934749014)]"
3,100,uniform,1.06,-5149.89,318.8,"[np.float64(-5311.4800531144265), np.float64(-4817.835469576035), np.float64(-5233.959027383886), np.float64(-5549.79078620809), np.float64(-5323.431993636547), np.float64(-5081.717655903068), np.float64(-4710.837305077791), np.float64(-5263.282557880874), np.float64(-5195.688296134046), np.float64(-5317.403336768997), np.float64(-5486.232989237786), np.float64(-4902.872180276147), np.float64(-5059.5690390274685), np.float64(-4741.720788235095), np.float64(-5058.083572142319), np.float64(-4773.631033409892), np.float64(-5464.19570054394), np.float64(-5421.36528338029), np.float64(-5311.38924587903), np.float64(-5603.601093296256), np.float64(-4576.288494350589), np.float64(-4891.921683432008), np.float64(-4720.966501432848), np.float64(-5081.975455688342), np.float64(-5113.172162439986), np.float64(-5792.567857615734), np.float64(-5029.470446573365), np.float64(-4768.9651513125855), np.float64(-5179.421428106041), np.float64(-5052.945128961046), np.float64(-4782.698356704772), np.float64(-4652.713852745879), np.float64(-4997.792109965843), np.float64(-5941.871677878178), np.float64(-4958.194240297346), np.float64(-5453.423188042922), np.float64(-5241.247827667794), np.float64(-4729.213615722617), np.float64(-5046.08741162797), np.float64(-4949.360924580917), np.float64(-5244.234787282418), np.float64(-5348.359399367092), np.float64(-4760.886685355492), np.float64(-5416.787109347991), np.float64(-4970.72537806198), np.float64(-5415.814202779297), np.float64(-4960.650872418257), np.float64(-5575.9126732716295), np.float64(-5482.1066986892165), np.float64(-5730.596520492942)]"
3,100,uniform,1.08,-5149.53,329.98,"[np.float64(-5307.379606727394), np.float64(-4808.604001850098), np.float64(-5259.612879392187), np.float64(-5549.79078620809), np.float64(-5323.431993636547), np.float64(-5081.717655903068), np.float64(-4710.837305077791), np.float64(-5263.282557880874), np.float64(-5169.129355986191), np.float64(-5322.503080372511), np.float64(-5451.826746707647), np.float64(-4888.468420063915), np.float64(-5095.638987537026), np.float64(-4650.7903179332625), np.float64(-5058.083572142319), np.float64(-4725.038309456313), np.float64(-5451.714345110405), np.float64(-5447.1772437756445), np.float64(-5329.877843728401), np.float64(-5603.601093296256), np.float64(-4559.137320140535), np.float64(-4813.904709160807), np.float64(-4775.216437937478), np.float64(-5099.502236665394), np.float64(-5113.172162439986), np.float64(-5875.639878454568), np.float64(-5024.060023659212), np.float64(-4768.9651513125855), np.float64(-5211.548788170482), np.float64(-5052.945128961046), np.float64(-4802.961328441932), np.float64(-4620.137383003982), np.float64(-4997.792109965843), np.float64(-5936.9135974592855), np.float64(-4958.194240297346), np.float64(-5535.779194230266), np.float64(-5241.247827667794), np.float64(-4693.047677500231), np.float64(-5130.316116766846), np.float64(-4940.480238033299), np.float64(-5244.234787282418), np.float64(-5195.316903750894), np.float64(-4760.886685355492), np.float64(-5416.787109347991), np.float64(-4991.732930196499), np.float64(-5468.74617364394), np.float64(-4942.3932678572555), np.float64(-5575.9126732716295), np.float64(-5500.473889150302), np.float64(-5730.596520492942)]"
3,100,uniform,1.1,-5154.51,321.88,"[np.float64(-5113.912818778572), np.float64(-4887.241936614323), np.float64(-5260.474981800075), np.float64(-5549.79078620809), np.float64(-5344.141549605963), np.float64(-5067.961221515748), np.float64(-4710.837305077791), np.float64(-5256.793253526762), np.float64(-5169.129355986191), np.float64(-5331.605455511337), np.float64(-5451.826746707647), np.float64(-4924.877814500341), np.float64(-5140.633646801065), np.float64(-4650.7903179332625), np.float64(-5058.083572142319), np.float64(-4777.793131887589), np.float64(-5509.117188097152), np.float64(-5447.1772437756445), np.float64(-5329.877843728401), np.float64(-5603.601093296256), np.float64(-4559.137320140535), np.float64(-4813.904709160807), np.float64(-4854.574649771336), np.float64(-5099.502236665394), np.float64(-5113.172162439986), np.float64(-5872.403631403394), np.float64(-5021.073326609948), np.float64(-4768.9651513125855), np.float64(-5211.548788170482), np.float64(-5052.945128961046), np.float64(-4775.677179804836), np.float64(-4668.840668607688), np.float64(-4997.792109965843), np.float64(-5930.458073091231), np.float64(-4964.041288389069), np.float64(-5527.087687347364), np.float64(-5275.260472518011), np.float64(-4693.047677500231), np.float64(-5116.569994465229), np.float64(-4934.3542457751755), np.float64(-5318.8616031506745), np.float64(-5254.059623030596), np.float64(-4825.47624865784), np.float64(-5371.465560824513), np.float64(-4997.217757599279), np.float64(-5481.975857469013), np.float64(-4942.3932678572555), np.float64(-5419.646539385166), np.float64(-5500.473889150302), np.float64(-5778.154206511019)]"
3,100,uneven,1.0,-5625.04,300.61,"[np.float64(-5818.491976268392), np.float64(-5620.420140179581), np.float64(-5569.22689431291), np.float64(-5835.074800470428), np.float64(-5778.27675426966), np.float64(-5753.320494856043), np.float64(-5106.261916544022), np.float64(-5780.825246261056), np.float64(-6083.766760758824), np.float64(-5947.888337899105), np.float64(-6010.969311178479), np.float64(-5536.6680371698), np.float64(-5692.056747062306), np.float64(-5262.795502457839), np.float64(-5332.76617813481), np.float64(-5376.656611399141), np.float64(-6094.986598905605), np.float64(-5762.334627246895), np.float64(-5557.632086377417), np.float64(-5775.267988443028), np.float64(-5196.740048312613), np.float64(-5428.651872215391), np.float64(-5100.22758085637), np.float64(-5511.720825917933), np.float64(-5775.24281193787), np.float64(-5983.586004495122), np.float64(-5350.383157160921), np.float64(-5278.332518712408), np.float64(-5651.7833191475875), np.float64(-5578.918401698044), np.float64(-5348.705005529559), np.float64(-5333.680930923067), np.float64(-5300.412695398673), np.float64(-6259.814943042403), np.float64(-5537.905941046992), np.float64(-5705.934958573327), np.float64(-5824.415759299219), np.float64(-5223.870952635161), np.float64(-5424.683045069918), np.float64(-5355.9815114334415), np.float64(-5412.619754547397), np.float64(-5820.908487160426), np.float64(-5235.271407445136), np.float64(-5625.680568416265), np.float64(-5736.400639635063), np.float64(-6074.996974339406), np.float64(-5570.199390568714), np.float64(-5597.009764674339), np.float64(-5836.244095680509), np.float64(-6475.80504679312)]"
3,100,uneven,1.02,-5612.64,310.53,"[np.float64(-5776.488064702228), np.float64(-5605.135568521954), np.float64(-5566.680317500762), np.float64(-5835.074800470428), np.float64(-5748.578279924629), np.float64(-5753.320494856043), np.float64(-5107.479286286291), np.float64(-5782.508190553795), np.float64(-6071.182946774241), np.float64(-5985.632037971519), np.float64(-6029.520021758668), np.float64(-5572.387230589454), np.float64(-5692.056747062306), np.float64(-5265.527816236218), np.float64(-5350.574744816008), np.float64(-5341.407149753988), np.float64(-6066.335921543584), np.float64(-5762.334627246895), np.float64(-5529.601964446799), np.float64(-5768.37772235471), np.float64(-5189.079128937261), np.float64(-5417.562079100247), np.float64(-4972.102916454805), np.float64(-5511.720825917933), np.float64(-5762.994007255611), np.float64(-5953.581619552329), np.float64(-5318.724415213572), np.float64(-5278.332518712408), np.float64(-5706.242009873352), np.float64(-5577.529054930342), np.float64(-5348.705005529559), np.float64(-5305.379148773515), np.float64(-5304.107378418875), np.float64(-6228.298456198636), np.float64(-5547.726778422596), np.float64(-5693.325511144424), np.float64(-5839.675864771606), np.float64(-5223.870952635161), np.float64(-5424.683045069918), np.float64(-5311.2470402593), np.float64(-5345.535039213036), np.float64(-5820.908487160426), np.float64(-5108.432557578988), np.float64(-5625.680568416265), np.float64(-5736.400639635063), np.float64(-6074.996974339406), np.float64(-5570.199390568714), np.float64(-5516.626593392199), np.float64(-5830.751555024688), np.float64(-6477.38385341485)]"
3,100,uneven,1.04,-5612.27,310.05,"[np.float64(-5779.458486380151), np.float64(-5605.135568521954), np.float64(-5566.680317500762), np.float64(-5864.796222534359), np.float64(-5791.543888352903), np.float64(-5714.6685403257525), np.float64(-5094.179724049133), np.float64(-5817.900707511827), np.float64(-6071.182946774241), np.float64(-5934.456334379114), np.float64(-6015.557669788525), np.float64(-5549.067602350659), np.float64(-5705.583762522159), np.float64(-5291.89317795753), np.float64(-5334.921865511014), np.float64(-5346.383848782188), np.float64(-6066.335921543584), np.float64(-5812.922953835121), np.float64(-5529.601964446799), np.float64(-5711.070835875871), np.float64(-5189.079128937261), np.float64(-5417.562079100247), np.float64(-4972.102916454805), np.float64(-5511.720825917933), np.float64(-5762.994007255611), np.float64(-5917.629282706282), np.float64(-5318.724415213572), np.float64(-5278.882012214699), np.float64(-5702.438708666472), np.float64(-5585.292751958663), np.float64(-5333.918476507453), np.float64(-5317.160423917357), np.float64(-5303.170547219848), np.float64(-6239.551080195258), np.float64(-5522.415852589215), np.float64(-5693.325511144424), np.float64(-5839.675864771606), np.float64(-5294.035850002025), np.float64(-5411.2215742062735), np.float64(-5276.472740911489), np.float64(-5345.535039213036), np.float64(-5817.251267919698), np.float64(-5134.52486373986), np.float64(-5615.895363581044), np.float64(-5736.400639635063), np.float64(-6113.1782099120555), np.float64(-5575.568634482618), np.float64(-5516.626593392199), np.float64(-5773.190314030503), np.float64(-6494.8172593759255)]"
3,100,uneven,1.06,-5602.33,315.68,"[np.float64(-5785.67988201119), np.float64(-5432.068401795748), np.float64(-5554.203153248051), np.float64(-5864.796222534359), np.float64(-5791.543888352903), np.float64(-5726.623474509797), np.float64(-5079.8468855985075), np.float64(-5817.900707511827), np.float64(-6040.690898736103), np.float64(-5934.456334379114), np.float64(-6015.557669788525), np.float64(-5554.957286268518), np.float64(-5697.121466263467), np.float64(-5291.89317795753), np.float64(-5359.215188765388), np.float64(-5377.81834701908), np.float64(-6066.335921543584), np.float64(-5812.922953835121), np.float64(-5535.595541982927), np.float64(-5711.070835875871), np.float64(-5193.207192713226), np.float64(-5310.378473212824), np.float64(-4976.308237631801), np.float64(-5511.720825917933), np.float64(-5759.028924176839), np.float64(-5883.042830551785), np.float64(-5280.928551365756), np.float64(-5278.882012214699), np.float64(-5702.438708666472), np.float64(-5598.279239649619), np.float64(-5333.918476507453), np.float64(-5317.160423917357), np.float64(-5303.170547219848), np.float64(-6238.096237335408), np.float64(-5574.016759697132), np.float64(-5693.325511144424), np.float64(-5847.512149086001), np.float64(-5296.818285827157), np.float64(-5284.183069630953), np.float64(-5266.377972528883), np.float64(-5286.137657421542), np.float64(-5817.498468398596), np.float64(-5134.52486373986), np.float64(-5536.61761802271), np.float64(-5736.400639635063), np.float64(-6113.1782099120555), np.float64(-5583.627204958544), np.float64(-5500.9095961600815), np.float64(-5803.5497513903665), np.float64(-6504.847018876136)]"
3,100,uneven,1.08,-5608.84,321.21,"[np.float64(-5785.67988201119), np.float64(-5465.182127966091), np.float64(-5554.203153248051), np.float64(-5877.049747255179), np.float64(-5791.543888352903), np.float64(-5726.623474509797), np.float64(-5079.8468855985075), np.float64(-5834.90113697835), np.float64(-6068.936797366103), np.float64(-5970.432177093865), np.float64(-6011.5798240179765), np.float64(-5549.13841821941), np.float64(-5700.43011695674), np.float64(-5291.89317795753), np.float64(-5359.215188765388), np.float64(-5378.473796730907), np.float64(-6107.181010287405), np.float64(-5689.983452996071), np.float64(-5535.595541982927), np.float64(-5777.799189460033), np.float64(-5193.207192713226), np.float64(-5385.610484613768), np.float64(-4976.308237631801), np.float64(-5511.720825917933), np.float64(-5759.028924176839), np.float64(-5837.38424060799), np.float64(-5280.928551365756), np.float64(-5280.539221111652), np.float64(-5734.566068730913), np.float64(-5623.738550567195), np.float64(-5320.887584794169), np.float64(-5317.989858266076), np.float64(-5303.170547219848), np.float64(-6232.62751534006), np.float64(-5591.251296144731), np.float64(-5710.922528890553), np.float64(-5853.005598595078), np.float64(-5296.818285827157), np.float64(-5351.800962428737), np.float64(-5253.438563610687), np.float64(-5286.137657421542), np.float64(-5882.219530844896), np.float64(-5057.65474560379), np.float64(-5522.3753507655065), np.float64(-5753.658084332691), np.float64(-6173.604189832541), np.float64(-5583.627204958544), np.float64(-5500.9095961600815), np.float64(-5806.432877910724), np.float64(-6504.847018876136)]"
3,100,uneven,1.1,-5612.44,320.43,"[np.float64(-5785.67988201119), np.float64(-5465.182127966091), np.float64(-5556.43178047076), np.float64(-5880.507519180238), np.float64(-5750.558538418275), np.float64(-5746.164993004784), np.float64(-5072.19846049319), np.float64(-5895.637362632221), np.float64(-6068.936797366103), np.float64(-5995.8208735541275), np.float64(-6011.5798240179765), np.float64(-5549.13841821941), np.float64(-5700.484512538866), np.float64(-5291.89317795753), np.float64(-5317.0876417289455), np.float64(-5387.311972082379), np.float64(-6071.862003317932), np.float64(-5689.983452996071), np.float64(-5500.486346166856), np.float64(-5777.799189460033), np.float64(-5193.207192713226), np.float64(-5395.873450677506), np.float64(-5009.38553590014), np.float64(-5553.236366111058), np.float64(-5736.732858833315), np.float64(-5822.204735517676), np.float64(-5310.450966566172), np.float64(-5278.485101385933), np.float64(-5750.879163886809), np.float64(-5626.487624225844), np.float64(-5268.808010782341), np.float64(-5332.515828679522), np.float64(-5287.629360955815), np.float64(-6249.691613520698), np.float64(-5558.734632244424), np.float64(-5685.450741411476), np.float64(-5853.005598595078), np.float64(-5335.269610654148), np.float64(-5314.684253885068), np.float64(-5243.652016184199), np.float64(-5283.442092385031), np.float64(-5882.913202948352), np.float64(-5088.950452856831), np.float64(-5659.418796979917), np.float64(-5762.6551542734005), np.float64(-6173.604189832541), np.float64(-5560.410020325567), np.float64(-5592.502704907629), np.float64(-5792.091424152817), np.float64(-6504.847018876136)]"
3,200,uniform,1.0,-10098.96,394.91,"[np.float64(-10079.760410417904), np.float64(-10100.117104918345), np.float64(-9991.801159369583), np.float64(-10577.619882857798), np.float64(-9680.129909968478), np.float64(-10237.896025072336), np.float64(-9751.272426107405), np.float64(-10270.564975974057), np.float64(-9954.526856680037), np.float64(-10480.796406361364), np.float64(-10949.972348467982), np.float64(-9733.268205791108), np.float64(-10034.178244411376), np.float64(-9954.55625331663), np.float64(-10038.308218646087), np.float64(-9462.20283794007), np.float64(-9931.132024306218), np.float64(-10623.664354339455), np.float64(-10154.586894716005), np.float64(-10656.120464513733), np.float64(-10167.442374622411), np.float64(-9831.369811631903), np.float64(-9750.829133988766), np.float64(-9993.467551814674), np.float64(-10233.855931778116), np.float64(-10410.260410924757), np.float64(-9925.488499936875), np.float64(-10022.872549774767), np.float64(-10019.359085216784), np.float64(-9847.42553031899), np.float64(-9487.66311142319), np.float64(-9719.308433560711), np.float64(-9574.80787331948), np.float64(-10545.342441777784), np.float64(-10050.165464484335), np.float64(-10467.458092926023), np.float64(-10466.81304125363), np.float64(-9611.691064590843), np.float64(-9736.904319183797), np.float64(-10001.77554759076), np.float64(-10284.329398761554), np.float64(-10289.547963659032), np.float64(-9276.888217131833), np.float64(-10107.705308044047), np.float64(-9566.802036278794), np.float64(-10429.26335423436), np.float64(-9870.100300467213), np.float64(-10619.790004158087), np.float64(-10892.94161956725), np.float64(-11084.02000628474)]"
3,200,uniform,1.02,-10097.42,396.3,"[np.float64(-10125.470528867401), np.float64(-10076.335090317465), np.float64(-9829.486242800598), np.float64(-10651.67364993622), np.float64(-9680.129909968478), np.float64(-10214.312417293046), np.float64(-9716.844104303686), np.float64(-10249.084354809447), np.float64(-9947.080346892675), np.float64(-10477.782302180383), np.float64(-10906.056226760511), np.float64(-9782.11716239411), np.float64(-10035.563899424722), np.float64(-9981.782254105407), np.float64(-10022.61413032634), np.float64(-9505.470578156046), np.float64(-9988.67057884295), np.float64(-10617.651467633095), np.float64(-10148.629600370054), np.float64(-10681.991113417798), np.float64(-10177.030572408245), np.float64(-9823.553065346001), np.float64(-9737.314238462142), np.float64(-10016.686330710329), np.float64(-10209.566926266487), np.float64(-10449.86696005511), np.float64(-9884.818483952771), np.float64(-9981.111245468483), np.float64(-10019.359085216784), np.float64(-9804.401165539693), np.float64(-9487.66311142319), np.float64(-9674.380810012442), np.float64(-9600.377781204848), np.float64(-10526.493244696328), np.float64(-10090.412752640157), np.float64(-10471.394377099297), np.float64(-10484.137363571957), np.float64(-9586.064869255031), np.float64(-9749.162827809194), np.float64(-9969.359990687639), np.float64(-10277.798059578567), np.float64(-10392.497475065198), np.float64(-9289.672358301154), np.float64(-10175.904120006719), np.float64(-9522.13062003068), np.float64(-10450.287096442702), np.float64(-9877.513567933474), np.float64(-10590.12601680738), np.float64(-10857.724160900796), np.float64(-11055.478067802007)]"
3,200,uniform,1.04,-10092.29,400.18,"[np.float64(-10088.909039207192), np.float64(-10066.536513306743), np.float64(-9829.486242800598), np.float64(-10644.991749827619), np.float64(-9674.019222635117), np.float64(-10214.312417293046), np.float64(-9724.185946734555), np.float64(-10233.977847897133), np.float64(-9915.930209596017), np.float64(-10511.847190207842), np.float64(-10932.874224774234), np.float64(-9777.182846407706), np.float64(-9960.957508091893), np.float64(-10031.396436208663), np.float64(-10022.61413032634), np.float64(-9532.127449311429), np.float64(-10013.145928151851), np.float64(-10625.460977208519), np.float64(-10148.629600370054), np.float64(-10647.035567376659), np.float64(-10193.344832429853), np.float64(-9823.553065346001), np.float64(-9571.830029260282), np.float64(-10073.561264925893), np.float64(-10255.159618938978), np.float64(-10412.214556671379), np.float64(-9890.609273497897), np.float64(-10006.85048713113), np.float64(-10027.397544028145), np.float64(-9824.802860020578), np.float64(-9602.859109346015), np.float64(-9782.693995843918), np.float64(-9614.22838557646), np.float64(-10395.52006505262), np.float64(-10045.640884058257), np.float64(-10384.828866876811), np.float64(-10489.426285841611), np.float64(-9417.808516668463), np.float64(-9738.579824324765), np.float64(-9919.642033539067), np.float64(-10319.378075217455), np.float64(-10436.720965984448), np.float64(-9278.296544484563), np.float64(-10127.233300603355), np.float64(-9504.937464743038), np.float64(-10436.172236263643), np.float64(-9868.863161964293), np.float64(-10597.010700947823), np.float64(-10961.831305653943), np.float64(-11018.13111256875)]"
3,200,uniform,1.06,-10081.97,392.5,"[np.float64(-10097.988136662294), np.float64(-10078.414163943999), np.float64(-9832.995465455171), np.float64(-10618.781027799756), np.float64(-9652.857046653986), np.float64(-10281.2104314923), np.float64(-9784.018370172726), np.float64(-10233.977847897133), np.float64(-9930.116752916128), np.float64(-10524.129533756866), np.float64(-10929.73726634923), np.float64(-9808.049166000408), np.float64(-9947.995526497461), np.float64(-10031.396436208663), np.float64(-10066.053198132595), np.float64(-9532.127449311429), np.float64(-10016.403873345538), np.float64(-10620.366875867874), np.float64(-10058.855371650963), np.float64(-10623.009252268348), np.float64(-10193.344832429853), np.float64(-9818.00119913447), np.float64(-9609.648326118639), np.float64(-10058.124619566817), np.float64(-10227.768182300586), np.float64(-10412.214556671379), np.float64(-9867.748067600969), np.float64(-10006.85048713113), np.float64(-10024.009484826584), np.float64(-9818.434136644044), np.float64(-9615.575678326873), np.float64(-9716.22224105286), np.float64(-9577.658631757211), np.float64(-10367.466598159062), np.float64(-10014.961553417217), np.float64(-10312.164903062643), np.float64(-10408.88565574548), np.float64(-9417.808516668463), np.float64(-9692.852859303384), np.float64(-9933.176990597118), np.float64(-10373.674579915174), np.float64(-10247.570045077922), np.float64(-9345.207005338383), np.float64(-10145.556019808646), np.float64(-9463.969681276572), np.float64(-10458.272179473272), np.float64(-9801.069323053078), np.float64(-10569.981061946877), np.float64(-10917.45189096482), np.float64(-11014.431167988068)]"
3,200,uniform,1.08,-10077.14,398.55,"[np.float64(-10097.988136662294), np.float64(-10110.761990901497), np.float64(-9835.571134679178), np.float64(-10640.563556383351), np.float64(-9549.757153795084), np.float64(-10103.77207056629), np.float64(-9823.165283088663), np.float64(-10145.285930682563), np.float64(-9832.96269890381), np.float64(-10576.337147116385), np.float64(-10953.054659448706), np.float64(-9809.024674800618), np.float64(-9947.995526497461), np.float64(-10079.959291171517), np.float64(-10066.053198132595), np.float64(-9517.653537449567), np.float64(-9974.737852828624), np.float64(-10632.431211699266), np.float64(-10082.982528304454), np.float64(-10582.31440758119), np.float64(-10193.344832429853), np.float64(-9921.826712633267), np.float64(-9645.920598590685), np.float64(-10038.670165803984), np.float64(-10213.939453679179), np.float64(-10429.532960940129), np.float64(-9900.209871765925), np.float64(-10021.179282011433), np.float64(-9959.688916044048), np.float64(-9817.568044380992), np.float64(-9581.108017066037), np.float64(-9705.61459727406), np.float64(-9513.201998515733), np.float64(-10419.302117469146), np.float64(-9979.981863681478), np.float64(-10277.349574115102), np.float64(-10436.334472613364), np.float64(-9413.016912393794), np.float64(-9695.879431033136), np.float64(-9984.94598889058), np.float64(-10395.63509232753), np.float64(-10341.1522370667), np.float64(-9345.207005338383), np.float64(-10149.03472634185), np.float64(-9480.605930438911), np.float64(-10435.7652039301), np.float64(-9736.270220164273), np.float64(-10541.612370016801), np.float64(-10958.81493871678), np.float64(-10962.026049402011)]"
3,200,uniform,1.1,-10085.16,405.97,"[np.float64(-10131.327246212657), np.float64(-10121.105003725821), np.float64(-9835.571134679178), np.float64(-10640.114872519249), np.float64(-9577.879809348009), np.float64(-10103.77207056629), np.float64(-9865.388447838384), np.float64(-10146.639924007457), np.float64(-9891.206334233939), np.float64(-10607.538716048606), np.float64(-10959.195308925211), np.float64(-9871.570827280757), np.float64(-9912.711190680113), np.float64(-10081.475895726586), np.float64(-10066.053198132595), np.float64(-9545.77115335947), np.float64(-9982.016449589892), np.float64(-10641.069724047924), np.float64(-10079.864724461468), np.float64(-10578.96553531895), np.float64(-10229.390255610293), np.float64(-9916.286998307709), np.float64(-9684.290653560432), np.float64(-9986.727846109476), np.float64(-10261.603772360373), np.float64(-10411.518616390907), np.float64(-9900.209871765925), np.float64(-9941.092473300328), np.float64(-9900.221147130109), np.float64(-9807.436908649932), np.float64(-9581.108017066037), np.float64(-9807.589719741254), np.float64(-9526.440805648155), np.float64(-10419.302117469146), np.float64(-9941.494062618749), np.float64(-10282.604880864446), np.float64(-10429.283050672706), np.float64(-9413.016912393794), np.float64(-9698.753566614465), np.float64(-9899.876710780854), np.float64(-10509.02874870453), np.float64(-10299.460756496544), np.float64(-9250.210029740772), np.float64(-10143.494639791872), np.float64(-9524.155198645407), np.float64(-10431.78145214789), np.float64(-9796.467480565589), np.float64(-10566.27515491036), np.float64(-11036.649483799201), np.float64(-11022.870822333622)]"
3,200,uneven,1.0,-11072.84,429.49,"[np.float64(-10964.01321214144), np.float64(-11624.924764957694), np.float64(-10887.546403408836), np.float64(-11447.864583045386), np.float64(-10827.847642400113), np.float64(-11450.348924341628), np.float64(-10400.847830701314), np.float64(-11311.120085811748), np.float64(-11158.286123582398), np.float64(-11319.070055208455), np.float64(-11982.508435377804), np.float64(-11185.974964756713), np.float64(-10967.57129702551), np.float64(-10794.2746786932), np.float64(-10980.551397270208), np.float64(-10530.626157631057), np.float64(-11209.772945700348), np.float64(-11450.375785214734), np.float64(-10845.300688851845), np.float64(-11369.44915836099), np.float64(-11237.99486255077), np.float64(-10901.14557880954), np.float64(-10161.97443390691), np.float64(-11175.811141107715), np.float64(-11402.424678903822), np.float64(-11365.07842972743), np.float64(-10939.236293753578), np.float64(-11254.737961733685), np.float64(-11172.944642433498), np.float64(-10713.104573793651), np.float64(-10755.16527158591), np.float64(-11010.771326506665), np.float64(-10174.087758355347), np.float64(-11619.038713783562), np.float64(-11335.342972204413), np.float64(-11494.680047223506), np.float64(-11522.462837382438), np.float64(-10463.724948106585), np.float64(-10720.188973851082), np.float64(-10516.49714894545), np.float64(-10501.191860605943), np.float64(-11048.060439787287), np.float64(-10271.713868384759), np.float64(-10582.76074803035), np.float64(-10984.96370588433), np.float64(-11981.702280492595), np.float64(-11084.978282414932), np.float64(-11362.292361180482), np.float64(-11511.65058379843), np.float64(-11668.101726830804)]"
3,200,uneven,1.02,-11071.69,430.83,"[np.float64(-10961.00348576741), np.float64(-11641.259133685755), np.float64(-10937.31935943241), np.float64(-11505.643213711237), np.float64(-10866.862109413245), np.float64(-11451.174324657875), np.float64(-10416.219134039604), np.float64(-11233.282479160916), np.float64(-11166.987465309878), np.float64(-11259.454703149726), np.float64(-11975.828542893503), np.float64(-11185.974964756713), np.float64(-10951.611506758856), np.float64(-10757.400486037626), np.float64(-10991.201629695997), np.float64(-10530.626157631057), np.float64(-11205.861212045998), np.float64(-11450.375785214734), np.float64(-10847.025037775467), np.float64(-11319.183475196845), np.float64(-11237.99486255077), np.float64(-10901.14557880954), np.float64(-10161.97443390691), np.float64(-11201.158513276878), np.float64(-11402.967057978325), np.float64(-11396.849308594668), np.float64(-10939.236293753578), np.float64(-11253.111024884833), np.float64(-11154.296960427886), np.float64(-10689.08943808456), np.float64(-10705.173960135678), np.float64(-11004.94400135698), np.float64(-10174.087758355347), np.float64(-11643.49018681597), np.float64(-11359.791607269031), np.float64(-11533.309559110927), np.float64(-11535.369502315873), np.float64(-10475.52849877034), np.float64(-10720.188973851082), np.float64(-10547.965273758708), np.float64(-10480.611474663192), np.float64(-10969.236899382237), np.float64(-10269.137063862077), np.float64(-10588.576724042432), np.float64(-11011.375406144747), np.float64(-12001.574915949239), np.float64(-11084.978282414932), np.float64(-11403.85268403441), np.float64(-11436.653714789714), np.float64(-11646.442422635435)]"
3,200,uneven,1.04,-11056.48,437.14,"[np.float64(-10922.542982883147), np.float64(-11626.061430553633), np.float64(-10945.525868065159), np.float64(-11471.338352974562), np.float64(-10866.862109413245), np.float64(-11481.958861274425), np.float64(-10365.452413676308), np.float64(-11284.658831566387), np.float64(-11136.031182348677), np.float64(-11259.454703149726), np.float64(-11973.462090759014), np.float64(-11150.342253272533), np.float64(-10967.002715587836), np.float64(-10773.420526970267), np.float64(-11002.06133937694), np.float64(-10530.626157631057), np.float64(-11206.929182851552), np.float64(-11386.31328554423), np.float64(-10875.273091159415), np.float64(-11328.581944794127), np.float64(-11237.99486255077), np.float64(-10897.056392120538), np.float64(-10133.080595254718), np.float64(-11224.500479977498), np.float64(-11420.738191844182), np.float64(-11414.168689514798), np.float64(-10939.236293753578), np.float64(-11270.828774467684), np.float64(-11192.273648214408), np.float64(-10689.08943808456), np.float64(-10771.053740849202), np.float64(-10989.803515898813), np.float64(-10153.033789728837), np.float64(-11517.514565381072), np.float64(-11225.653017545268), np.float64(-11562.407921380456), np.float64(-11511.485171058683), np.float64(-10467.515356074531), np.float64(-10521.25574976595), np.float64(-10398.3978081932), np.float64(-10522.767013699357), np.float64(-10880.37193275117), np.float64(-10271.409611577914), np.float64(-10585.157609662303), np.float64(-10993.345107227107), np.float64(-12001.574915949239), np.float64(-10971.295396108728), np.float64(-11403.85268403441), np.float64(-11445.13495497135), np.float64(-11657.886617874343)]"
3,200,uneven,1.06,-11058.7,441.98,"[np.float64(-10957.041880777912), np.float64(-11697.868818776386), np.float64(-10945.525868065159), np.float64(-11477.379255907323), np.float64(-10716.516472465964), np.float64(-11481.958861274425), np.float64(-10365.452413676308), np.float64(-11276.97514007998), np.float64(-11066.0830420821), np.float64(-11259.416951054749), np.float64(-11974.716639446582), np.float64(-11153.325440408153), np.float64(-10986.269629930362), np.float64(-10780.741388941093), np.float64(-11023.894205470022), np.float64(-10539.463159531495), np.float64(-11199.069738082435), np.float64(-11371.192669627626), np.float64(-10895.120445881763), np.float64(-11388.213576260656), np.float64(-11269.189357842972), np.float64(-10897.056392120538), np.float64(-10094.532222378111), np.float64(-11279.121634387217), np.float64(-11445.21001698708), np.float64(-11428.649983623167), np.float64(-10939.236293753578), np.float64(-11295.247692174013), np.float64(-11158.300426699258), np.float64(-10690.269930638842), np.float64(-10694.386322808128), np.float64(-10989.577672188709), np.float64(-10162.074037627608), np.float64(-11550.21342786583), np.float64(-11340.108505101744), np.float64(-11549.867264317842), np.float64(-11511.485171058683), np.float64(-10490.514888369367), np.float64(-10521.25574976595), np.float64(-10446.580430241394), np.float64(-10494.074980842406), np.float64(-10835.081034378582), np.float64(-10320.157161704368), np.float64(-10598.326834425505), np.float64(-10984.621951516321), np.float64(-12001.574915949239), np.float64(-10956.196697201593), np.float64(-11410.25694362125), np.float64(-11393.07470462251), np.float64(-11632.303445571493)]"
3,200,uneven,1.08,-11050.57,452.59,"[np.float64(-10923.594140300673), np.float64(-11692.325599121876), np.float64(-10868.41241563147), np.float64(-11457.002789195829), np.float64(-10884.034892385887), np.float64(-11478.585302862215), np.float64(-10280.45901587262), np.float64(-11276.97514007998), np.float64(-11108.990539603074), np.float64(-11251.390705892918), np.float64(-11949.70739382683), np.float64(-11165.251157573348), np.float64(-10952.944387505975), np.float64(-10784.355323275975), np.float64(-10987.007685024546), np.float64(-10615.136181624217), np.float64(-11230.875075358217), np.float64(-11359.78351705986), np.float64(-10873.129734047261), np.float64(-11359.383907460287), np.float64(-11261.662088545529), np.float64(-10913.07307561562), np.float64(-9993.929942383651), np.float64(-11279.121634387217), np.float64(-11473.57366435388), np.float64(-11438.022533124084), np.float64(-10964.47290338099), np.float64(-11300.619544281048), np.float64(-11140.855852107912), np.float64(-10680.374124194434), np.float64(-10694.386322808128), np.float64(-10971.541641237432), np.float64(-10087.856492189288), np.float64(-11550.649511042846), np.float64(-11253.164104062966), np.float64(-11579.890270668157), np.float64(-11527.07400349912), np.float64(-10474.202985520325), np.float64(-10533.207136593626), np.float64(-10439.835742547468), np.float64(-10362.987272367645), np.float64(-10769.39023133686), np.float64(-10342.356789789388), np.float64(-10581.16689180079), np.float64(-10984.621951516321), np.float64(-12002.17163954254), np.float64(-11017.85762146399), np.float64(-11427.718123804849), np.float64(-11345.645938822172), np.float64(-11637.569444102703)]"
3,200,uneven,1.1,-11058.02,452.96,"[np.float64(-10938.340788426089), np.float64(-11723.037413240749), np.float64(-10886.521319152122), np.float64(-11457.002789195829), np.float64(-10738.669039555396), np.float64(-11484.983295386151), np.float64(-10279.531576872054), np.float64(-11269.949748798801), np.float64(-11096.73180026157), np.float64(-11187.320759736565), np.float64(-11949.70739382683), np.float64(-11200.44386227216), np.float64(-10959.288770402438), np.float64(-10765.368933524021), np.float64(-11009.188435665543), np.float64(-10615.136181624217), np.float64(-11230.875075358217), np.float64(-11332.143820077164), np.float64(-10909.764536621098), np.float64(-11381.086356653794), np.float64(-11261.662088545529), np.float64(-10952.921894453346), np.float64(-10040.62074837751), np.float64(-11319.206940092248), np.float64(-11482.111862908921), np.float64(-11462.228019536353), np.float64(-10998.803747952446), np.float64(-11357.324718616868), np.float64(-11140.202799259909), np.float64(-10689.545274130576), np.float64(-10696.294990216305), np.float64(-11052.084253690808), np.float64(-10133.75284995213), np.float64(-11547.345436156482), np.float64(-11281.794043420234), np.float64(-11579.348873274932), np.float64(-11524.532103251076), np.float64(-10451.693948366426), np.float64(-10533.207136593626), np.float64(-10462.157591564039), np.float64(-10362.987272367645), np.float64(-10769.39023133686), np.float64(-10350.223797600924), np.float64(-10590.975797506886), np.float64(-10984.621951516321), np.float64(-12002.17163954254), np.float64(-10986.940373884989), np.float64(-11419.22300833933), np.float64(-11344.169813788436), np.float64(-11708.34125902044)]"
3,400,uniform,1.0,-19946.64,506.78,"[np.float64(-20298.079064343805), np.float64(-20207.187575789805), np.float64(-19550.7023495021), np.float64(-19605.649477084797), np.float64(-19713.60832158104), np.float64(-19361.18358214832), np.float64(-19876.151230176125), np.float64(-20149.888863475684), np.float64(-20078.41910658975), np.float64(-20825.840868203402), np.float64(-20898.76905266038), np.float64(-19446.206447530778), np.float64(-19865.387957721603), np.float64(-20503.783516170508), np.float64(-19432.216126019506), np.float64(-19411.85217365272), np.float64(-19977.35899389856), np.float64(-20685.917416316122), np.float64(-20171.613870524423), np.float64(-20498.584845601632), np.float64(-20556.15551426998), np.float64(-19480.98158159848), np.float64(-19763.397024042548), np.float64(-20030.224318683333), np.float64(-19777.85394518611), np.float64(-20103.54319733093), np.float64(-20695.555500597566), np.float64(-19663.219565781616), np.float64(-20085.51271521411), np.float64(-19666.390438039427), np.float64(-19705.174585840454), np.float64(-19083.100051827205), np.float64(-19537.908153421507), np.float64(-19838.0820083143), np.float64(-20140.538160697222), np.float64(-20437.1006426108), np.float64(-20136.17651237278), np.float64(-19122.03050265047), np.float64(-19913.463202235875), np.float64(-19253.048376253286), np.float64(-20404.865767474763), np.float64(-19445.66147062078), np.float64(-19723.083945073053), np.float64(-19785.32614735866), np.float64(-19543.451085091056), np.float64(-19860.09512221521), np.float64(-18946.748354248357), np.float64(-20590.478760022423), np.float64(-20053.84610093054), np.float64(-21430.82098872586)]"
3,400,uniform,1.02,-19920.84,492.95,"[np.float64(-20334.959853561046), np.float64(-20309.773144068644), np.float64(-19452.38443392681), np.float64(-19601.679278214455), np.float64(-19730.81102204227), np.float64(-19306.28789895453), np.float64(-19847.002701000427), np.float64(-20184.667062011467), np.float64(-20023.13944818644), np.float64(-20636.15548506427), np.float64(-20697.07991354058), np.float64(-19489.233603268458), np.float64(-19792.710291763255), np.float64(-20400.479617436555), np.float64(-19405.28917145365), np.float64(-19428.928877835857), np.float64(-19857.732090841175), np.float64(-20626.502246443706), np.float64(-20136.254017694682), np.float64(-20514.414002030353), np.float64(-20579.508325180894), np.float64(-19498.72319431865), np.float64(-19833.784651603823), np.float64(-20005.390743308395), np.float64(-19725.384651315562), np.float64(-20153.808344206227), np.float64(-20780.52805955257), np.float64(-19656.338443980167), np.float64(-19956.407015392742), np.float64(-19533.236493254317), np.float64(-19667.190422896587), np.float64(-19060.80041678893), np.float64(-19620.454374308814), np.float64(-19923.98018777165), np.float64(-19915.12051590157), np.float64(-20411.372269015585), np.float64(-20099.622835460967), np.float64(-19052.386495305287), np.float64(-19869.92700714909), np.float64(-19256.665963169486), np.float64(-20433.059872368347), np.float64(-19434.14031278669), np.float64(-19669.014589824757), np.float64(-19780.887076080966), np.float64(-19473.71379864428), np.float64(-19835.022426204694), np.float64(-19118.773083722157), np.float64(-20483.48110857613), np.float64(-20017.427593368167), np.float64(-21420.17398572893)]"
3,400,uniform,1.04,-19917.24,495.29,"[np.float64(-20335.5159717599), np.float64(-20276.96771970494), np.float64(-19489.60640915131), np.float64(-19624.035302880973), np.float64(-19693.40929225545), np.float64(-19129.554312068707), np.float64(-19959.899719309346), np.float64(-20202.6692374854), np.float64(-20013.00239793194), np.float64(-20646.605846285274), np.float64(-20682.52020132549), np.float64(-19474.443446336893), np.float64(-19772.292860321293), np.float64(-20374.98475066536), np.float64(-19453.84297976053), np.float64(-19428.928877835857), np.float64(-19805.123150046595), np.float64(-20633.68350542268), np.float64(-20100.17722481339), np.float64(-20361.243694199402), np.float64(-20579.508325180894), np.float64(-19454.089086534816), np.float64(-19696.82977296734), np.float64(-19975.221491351687), np.float64(-19696.63338527301), np.float64(-20153.282227856456), np.float64(-20806.933835969754), np.float64(-19656.28729905397), np.float64(-19997.55881747458), np.float64(-19631.990164988027), np.float64(-19727.862809975017), np.float64(-19079.664593932175), np.float64(-19594.846088329698), np.float64(-19923.98018777165), np.float64(-19915.12051590157), np.float64(-20422.445478209032), np.float64(-20206.696427420335), np.float64(-19084.630902455807), np.float64(-19959.011605507814), np.float64(-19319.460869898216), np.float64(-20492.78546954553), np.float64(-19422.978151930114), np.float64(-19654.39417706279), np.float64(-19724.296147992965), np.float64(-19431.17046485722), np.float64(-19849.52849931981), np.float64(-19080.163708526063), np.float64(-20468.464718322808), np.float64(-19978.908134517496), np.float64(-21418.805560912275)]"
3,400,uniform,1.06,-19931.81,504.32,"[np.float64(-20340.881232501997), np.float64(-20331.785942121052), np.float64(-19487.7805451907), np.float64(-19584.492192331596), np.float64(-19744.211521458437), np.float64(-19129.86173745986), np.float64(-20004.653817581475), np.float64(-20114.802890397194), np.float64(-19977.427576520276), np.float64(-20698.78903918155), np.float64(-20730.127186681846), np.float64(-19500.60450186962), np.float64(-19797.41822166407), np.float64(-20395.011828945757), np.float64(-19470.994245697028), np.float64(-19422.879451573597), np.float64(-19766.74840420943), np.float64(-20718.381712286002), np.float64(-20123.35535781556), np.float64(-20395.8525547761), np.float64(-20671.316245532165), np.float64(-19244.320203232128), np.float64(-19789.95921545821), np.float64(-19990.575134816252), np.float64(-19700.92292721412), np.float64(-20145.182419181652), np.float64(-20822.504150907862), np.float64(-19663.22546243847), np.float64(-20088.651251897038), np.float64(-19563.17316081554), np.float64(-19746.08723030715), np.float64(-19097.20239472085), np.float64(-19695.600214043003), np.float64(-19923.98018777165), np.float64(-20132.88009781085), np.float64(-20499.04152304318), np.float64(-20199.3698605895), np.float64(-19063.195930945218), np.float64(-20013.5403016352), np.float64(-19375.17656308943), np.float64(-20547.64172302016), np.float64(-19395.571977975575), np.float64(-19693.445010016763), np.float64(-19700.805609632225), np.float64(-19380.28171058811), np.float64(-19843.49373604961), np.float64(-19158.03200679225), np.float64(-20407.35481232018), np.float64(-19968.334370697426), np.float64(-21333.468181848355)]"
3,400,uniform,1.08,-19940.42,512.62,"[np.float64(-20369.882668537393), np.float64(-20352.500746043144), np.float64(-19540.986066879992), np.float64(-19612.817520613546), np.float64(-19809.986845102023), np.float64(-19160.85413202184), np.float64(-20044.103471442668), np.float64(-20234.756749637516), np.float64(-19994.372638760513), np.float64(-20704.097750130033), np.float64(-20652.88798608824), np.float64(-19497.033370577705), np.float64(-19775.910449177747), np.float64(-20396.321296611575), np.float64(-19467.91882953516), np.float64(-19409.24258243839), np.float64(-19757.58407845344), np.float64(-20646.75374285079), np.float64(-20136.665783205382), np.float64(-20395.8525547761), np.float64(-20735.917782962704), np.float64(-19264.052451807536), np.float64(-19802.114268934114), np.float64(-20104.03599277564), np.float64(-19705.8038109271), np.float64(-20238.06011705513), np.float64(-20882.407027152873), np.float64(-19686.26411215774), np.float64(-20117.912738951338), np.float64(-19609.725806817038), np.float64(-19789.11149011165), np.float64(-18954.92255256786), np.float64(-19655.824083351894), np.float64(-19923.98018777165), np.float64(-19983.114588815042), np.float64(-20487.215652303177), np.float64(-20227.69273764983), np.float64(-19029.967509995597), np.float64(-19983.262197122956), np.float64(-19368.735354484972), np.float64(-20620.96996096273), np.float64(-19453.574835751413), np.float64(-19693.206536320304), np.float64(-19719.233197621754), np.float64(-19340.292298759487), np.float64(-19822.131725219824), np.float64(-19189.04158258264), np.float64(-20476.551033516753), np.float64(-19857.04740107109), np.float64(-21338.484243438434)]"
3,400,uniform,1.1,-19957.69,524.6,"[np.float64(-20385.802358480498), np.float64(-20360.136475215975), np.float64(-19391.906243726484), np.float64(-19620.926962647885), np.float64(-19854.805317206145), np.float64(-19116.79982524269), np.float64(-20006.63613650249), np.float64(-20243.895824429324), np.float64(-20039.152000686056), np.float64(-20711.272464271413), np.float64(-20741.754262659244), np.float64(-19612.72963501439), np.float64(-19724.312291907914), np.float64(-20367.522437681102), np.float64(-19544.05863546154), np.float64(-19450.04813953459), np.float64(-19729.78926644883), np.float64(-20780.983567292333), np.float64(-20155.76707438852), np.float64(-20452.6358649203), np.float64(-20765.23543989861), np.float64(-19270.440443693376), np.float64(-19770.41749984686), np.float64(-20123.961261727145), np.float64(-19804.748356323358), np.float64(-20199.441721753956), np.float64(-20833.591229685033), np.float64(-19705.601057996682), np.float64(-20202.061825791552), np.float64(-19592.188993689466), np.float64(-19780.824951040988), np.float64(-18936.38114695516), np.float64(-19700.821683548405), np.float64(-19971.045567831206), np.float64(-20034.055113588853), np.float64(-20519.00008047636), np.float64(-20244.813656418042), np.float64(-19011.167772090314), np.float64(-20054.048046410353), np.float64(-19403.30261792616), np.float64(-20656.540117045075), np.float64(-19459.41319415747), np.float64(-19717.62929060556), np.float64(-19724.40436022644), np.float64(-19247.88988152269), np.float64(-19875.778074105536), np.float64(-19219.89351198873), np.float64(-20470.223182622867), np.float64(-19930.37610115758), np.float64(-21368.22555284768)]"
3,400,uneven,1.0,-21953.82,581.2,"[np.float64(-22178.532243677448), np.float64(-22934.1081082308), np.float64(-21685.67071051619), np.float64(-21868.211470230843), np.float64(-21626.22428109671), np.float64(-21446.334646103227), np.float64(-21237.79743172298), np.float64(-21731.1830112636), np.float64(-22216.064336875195), np.float64(-22868.669455909825), np.float64(-23092.97912629513), np.float64(-22044.788993996535), np.float64(-21901.482374102157), np.float64(-22289.59624617606), np.float64(-21725.838760644445), np.float64(-21609.03430780573), np.float64(-21856.73494156157), np.float64(-22409.365233620094), np.float64(-22107.79356989872), np.float64(-22130.126193751203), np.float64(-22481.754679310405), np.float64(-21657.033542996956), np.float64(-21535.14122795014), np.float64(-22369.865790640044), np.float64(-22035.864049585187), np.float64(-21988.704810083073), np.float64(-22319.628398152134), np.float64(-21861.563121247505), np.float64(-22557.63305763808), np.float64(-21225.717759259045), np.float64(-21839.25611478962), np.float64(-21041.31185238746), np.float64(-21060.808355857636), np.float64(-22573.641022327265), np.float64(-22379.2311630019), np.float64(-22518.66289105821), np.float64(-22711.458024160704), np.float64(-20888.025574286818), np.float64(-21813.53938070252), np.float64(-21207.60791714794), np.float64(-21619.7323861055), np.float64(-21207.845079029008), np.float64(-22044.13877794992), np.float64(-21023.130043625748), np.float64(-21534.9139214795), np.float64(-22580.796649542153), np.float64(-21438.024078898805), np.float64(-22333.731238504806), np.float64(-21315.73988201544), np.float64(-23566.04567947472)]"
3,400,uneven,1.02,-21951.71,595.97,"[np.float64(-22196.404130111823), np.float64(-22969.218099674767), np.float64(-21685.491802374396), np.float64(-21852.006050742457), np.float64(-21624.79518534073), np.float64(-21454.57705616282), np.float64(-21255.838072883776), np.float64(-21740.69645178782), np.float64(-22231.413850939112), np.float64(-22888.513628201472), np.float64(-23051.996202584964), np.float64(-22095.52760751342), np.float64(-21790.741089086758), np.float64(-22195.78614542942), np.float64(-21710.934736564435), np.float64(-21611.812792374956), np.float64(-21858.52468502315), np.float64(-22428.56334636317), np.float64(-22136.75809829919), np.float64(-22201.318490006142), np.float64(-22504.95801522023), np.float64(-21664.053292081968), np.float64(-21465.40626077941), np.float64(-22383.989495438615), np.float64(-22072.55071730465), np.float64(-22005.20901543243), np.float64(-22332.468140031007), np.float64(-21723.04202556956), np.float64(-22545.476333789116), np.float64(-21158.281710524192), np.float64(-21887.971475667036), np.float64(-20968.251787931342), np.float64(-21045.73606029282), np.float64(-22613.202979778573), np.float64(-22400.25355162114), np.float64(-22524.381783630583), np.float64(-22730.553252993017), np.float64(-20864.111698490564), np.float64(-21826.711067145017), np.float64(-21256.92059772376), np.float64(-21616.2505954171), np.float64(-21222.176879244544), np.float64(-22044.13877794992), np.float64(-20993.70370870346), np.float64(-21477.94379060375), np.float64(-22608.095846531625), np.float64(-21456.596068533192), np.float64(-22354.4239332112), np.float64(-21250.595948521004), np.float64(-23607.114809669052)]"
3,400,uneven,1.04,-21955.59,600.8,"[np.float64(-22242.119027013472), np.float64(-22969.193997398022), np.float64(-21696.911190273215), np.float64(-21756.32360438973), np.float64(-21635.998800966765), np.float64(-21447.152968814447), np.float64(-21266.887439507267), np.float64(-21747.840837262418), np.float64(-22251.39762481706), np.float64(-22932.61433415181), np.float64(-23091.630032187924), np.float64(-22113.15791727283), np.float64(-21809.468996895255), np.float64(-22197.55638764781), np.float64(-21782.974410007762), np.float64(-21636.641636357155), np.float64(-21790.330899179422), np.float64(-22471.39957491543), np.float64(-22148.080469170618), np.float64(-22219.4000083778), np.float64(-22529.499680852718), np.float64(-21661.78939414865), np.float64(-21464.927483031785), np.float64(-22384.68804221619), np.float64(-22006.261098712668), np.float64(-21975.213641449234), np.float64(-22337.877105167387), np.float64(-21731.764045995442), np.float64(-22554.22062489812), np.float64(-21170.5293124695), np.float64(-21886.45966360583), np.float64(-20862.17925132735), np.float64(-21062.07515332575), np.float64(-22661.20424733904), np.float64(-22448.700273533097), np.float64(-22540.489505977486), np.float64(-22681.54262372251), np.float64(-20881.854639561636), np.float64(-21836.58815369273), np.float64(-21298.43672538194), np.float64(-21686.5489660053), np.float64(-21256.372507123047), np.float64(-22050.03103531958), np.float64(-21026.633181599445), np.float64(-21475.028666392613), np.float64(-22544.197043751683), np.float64(-21427.866074044457), np.float64(-22345.110340086736), np.float64(-21179.43611430464), np.float64(-23604.68035852739)]"
3,400,uneven,1.06,-21948.88,600.47,"[np.float64(-22265.65319944258), np.float64(-22977.264374911236), np.float64(-21486.691972036228), np.float64(-21756.32360438973), np.float64(-21601.372892158386), np.float64(-21497.17806098261), np.float64(-21251.771452346962), np.float64(-21723.84040389282), np.float64(-22252.035398883294), np.float64(-22930.6293067768), np.float64(-22966.352445195476), np.float64(-22097.067974189697), np.float64(-21813.893102666825), np.float64(-22043.232539645294), np.float64(-21748.86339409394), np.float64(-21659.983474612774), np.float64(-21761.917108085898), np.float64(-22488.608598654653), np.float64(-22193.02961916786), np.float64(-22195.773893521477), np.float64(-22592.45167516821), np.float64(-21648.239569229914), np.float64(-21471.512346986274), np.float64(-22305.898629554278), np.float64(-22038.507287872573), np.float64(-21978.40932630348), np.float64(-22284.679143145393), np.float64(-21746.12823726507), np.float64(-22575.39393882009), np.float64(-21171.101363723676), np.float64(-21907.053025862006), np.float64(-20880.043973804615), np.float64(-21042.784922260336), np.float64(-22680.86235275168), np.float64(-22484.05889269205), np.float64(-22545.004292119862), np.float64(-22692.864185840554), np.float64(-20898.997492386126), np.float64(-21828.727525634153), np.float64(-21302.430536525302), np.float64(-21690.956848232006), np.float64(-21305.92305806776), np.float64(-22058.863884158727), np.float64(-21064.682911165266), np.float64(-21331.60194691935), np.float64(-22535.97117155139), np.float64(-21460.44220954146), np.float64(-22363.904499031363), np.float64(-21210.691096944607), np.float64(-23634.564538474584)]"
3,400,uneven,1.08,-21965.66,607.2,"[np.float64(-22292.631553856314), np.float64(-23001.892348050747), np.float64(-21649.31648384401), np.float64(-21774.536864532467), np.float64(-21595.99505536974), np.float64(-21483.632004678322), np.float64(-21241.429381369264), np.float64(-21750.151287738434), np.float64(-22260.736617007642), np.float64(-22892.796750064947), np.float64(-22965.82110506796), np.float64(-22077.228034450392), np.float64(-21827.642367323384), np.float64(-22114.55617622803), np.float64(-21743.41879138999), np.float64(-21712.460175459113), np.float64(-21783.82060170424), np.float64(-22511.066969130985), np.float64(-22192.961029223607), np.float64(-22149.485453225527), np.float64(-22647.915863425616), np.float64(-21649.34332071499), np.float64(-21462.35842894535), np.float64(-22410.16533014938), np.float64(-22047.895360792554), np.float64(-21983.766529060274), np.float64(-22301.494980558542), np.float64(-21799.67952412716), np.float64(-22599.29982497587), np.float64(-21179.086336368528), np.float64(-21946.924386126804), np.float64(-20861.45940700119), np.float64(-21032.729758092843), np.float64(-22705.023350827687), np.float64(-22507.3552714561), np.float64(-22624.07966253806), np.float64(-22727.67740937266), np.float64(-20890.72644871534), np.float64(-21826.352677521565), np.float64(-21300.498730911815), np.float64(-21676.867103293644), np.float64(-21306.169356516188), np.float64(-22066.091370711067), np.float64(-21059.804164378227), np.float64(-21358.439417674028), np.float64(-22595.630226308687), np.float64(-21467.228321042658), np.float64(-22358.824630749954), np.float64(-21220.95527635154), np.float64(-23647.709623863284)]"
3,400,uneven,1.1,-21980.54,606.65,"[np.float64(-22319.838907430632), np.float64(-23018.767403079448), np.float64(-21634.80565878952), np.float64(-21764.128241675087), np.float64(-21641.99652988057), np.float64(-21371.396194752644), np.float64(-21212.672791566445), np.float64(-21762.13135539696), np.float64(-22284.58947056886), np.float64(-22907.63442367111), np.float64(-22961.94163548899), np.float64(-22154.887608224748), np.float64(-21841.65916737705), np.float64(-22169.935093181688), np.float64(-21740.131613940765), np.float64(-21712.460175459113), np.float64(-21806.357206343964), np.float64(-22481.46501510171), np.float64(-22173.44972207564), np.float64(-22188.9320638428), np.float64(-22685.781005219087), np.float64(-21692.365522525502), np.float64(-21453.111261138427), np.float64(-22306.590517156426), np.float64(-22071.33806126649), np.float64(-22047.934890151682), np.float64(-22276.392102038764), np.float64(-21852.376952123264), np.float64(-22607.52571015965), np.float64(-21177.894544928095), np.float64(-21995.505997266566), np.float64(-20845.238101864095), np.float64(-21066.219738590098), np.float64(-22776.508382148433), np.float64(-22510.144783396187), np.float64(-22624.07966253806), np.float64(-22727.67740937266), np.float64(-20931.041120735772), np.float64(-21812.332257917726), np.float64(-21370.047900819307), np.float64(-21701.123893128584), np.float64(-21361.82781192276), np.float64(-22104.311761859433), np.float64(-21096.80759693715), np.float64(-21391.102107522343), np.float64(-22576.288162243553), np.float64(-21486.714287151244), np.float64(-22406.568101536297), np.float64(-21247.738607522893), np.float64(-23675.22528157281)]"
4,50,uniform,1.0,-2229.8,132.84,"[np.float64(-2154.1792274810687), np.float64(-2112.2007939492787), np.float64(-2418.828409147674), np.float64(-2035.8112723613403), np.float64(-2181.7926774711605), np.float64(-2096.776776377699), np.float64(-1950.9979584917935), np.float64(-2329.2322441782067), np.float64(-2397.696524071424), np.float64(-2447.8089227024157), np.float64(-2117.546611738762), np.float64(-2183.749607742222), np.float64(-2303.525860203031), np.float64(-2271.355116021531), np.float64(-2042.4296523947926), np.float64(-1976.9131028804293), np.float64(-2365.7249291820826), np.float64(-2186.324231563596), np.float64(-2350.9345444819883), np.float64(-2247.7111071270715), np.float64(-2268.7453039946536), np.float64(-2114.7751938669335), np.float64(-2222.486209271519), np.float64(-2443.168037230401), np.float64(-2187.384308159281), np.float64(-2225.248289623735), np.float64(-2430.6571218076033), np.float64(-2155.2252089852996), np.float64(-2254.978180789249), np.float64(-2433.895666780738), np.float64(-2353.7215510591323), np.float64(-1981.772901064911), np.float64(-2254.618212845313), np.float64(-2302.8953921153457), np.float64(-2134.9107690484443), np.float64(-2195.4522900380084), np.float64(-2358.7157360813626), np.float64(-2290.7256169384946), np.float64(-2286.73426594932), np.float64(-2154.0375935428915), np.float64(-2248.894152509693), np.float64(-2402.659835584381), np.float64(-2117.7641689917396), np.float64(-2242.19963363404), np.float64(-2356.473615447002), np.float64(-2373.4560648951892), np.float64(-2090.954806882118), np.float64(-2321.67790279399), np.float64(-2128.5294674404736), np.float64(-1985.8539326803896)]"
4,50,uniform,1.02,-2220.85,126.39,"[np.float64(-2154.1792274810687), np.float64(-2112.2007939492787), np.float64(-2415.117874842006), np.float64(-2088.808707121676), np.float64(-2181.7926774711605), np.float64(-2050.6287732938026), np.float64(-1950.9979584917935), np.float64(-2287.787911630063), np.float64(-2397.696524071424), np.float64(-2447.8089227024157), np.float64(-2166.0555484181255), np.float64(-2183.749607742222), np.float64(-2191.8870323188003), np.float64(-2269.0746387685795), np.float64(-2042.4296523947926), np.float64(-1976.9131028804293), np.float64(-2365.7249291820826), np.float64(-2186.324231563596), np.float64(-2357.1685570604245), np.float64(-2155.8268979878912), np.float64(-2276.5250054383782), np.float64(-2114.7751938669335), np.float64(-2222.486209271519), np.float64(-2440.588828544895), np.float64(-2176.671322941965), np.float64(-2225.248289623735), np.float64(-2308.5468449601713), np.float64(-2155.2252089852996), np.float64(-2282.5513144257384), np.float64(-2433.895666780738), np.float64(-2353.7215510591323), np.float64(-1981.772901064911), np.float64(-2258.0001673817405), np.float64(-2302.8953921153457), np.float64(-2134.9107690484443), np.float64(-2162.3112357945815), np.float64(-2310.5578097338525), np.float64(-2290.7256169384946), np.float64(-2286.73426594932), np.float64(-2145.380216447374), np.float64(-2248.894152509693), np.float64(-2241.4738048083173), np.float64(-2117.7641689917396), np.float64(-2242.19963363404), np.float64(-2335.5900565740067), np.float64(-2373.4560648951892), np.float64(-2090.954806882118), np.float64(-2376.974993103379), np.float64(-2192.479377397138), np.float64(-1976.8559442748322)]"
4,50,uniform,1.04,-2222.22,129.96,"[np.float64(-2113.3575501814007), np.float64(-2112.2007939492787), np.float64(-2404.2325835669817), np.float64(-2035.8112723613403), np.float64(-2181.7926774711605), np.float64(-2050.6287732938026), np.float64(-1950.9979584917935), np.float64(-2358.100197121268), np.float64(-2406.872499858184), np.float64(-2437.6603868085554), np.float64(-2168.1402714460837), np.float64(-2183.749607742222), np.float64(-2191.8870323188003), np.float64(-2273.2987298634193), np.float64(-2021.7651438693733), np.float64(-1976.9131028804293), np.float64(-2365.7249291820826), np.float64(-2186.324231563596), np.float64(-2311.426347507799), np.float64(-2233.2688614757813), np.float64(-2351.554208268521), np.float64(-2114.7751938669335), np.float64(-2161.408882892201), np.float64(-2440.588828544895), np.float64(-2176.671322941965), np.float64(-2196.1897043359295), np.float64(-2308.5468449601713), np.float64(-2155.2252089852996), np.float64(-2282.5513144257384), np.float64(-2433.895666780738), np.float64(-2353.7215510591323), np.float64(-2024.7372535118143), np.float64(-2254.618212845313), np.float64(-2302.8953921153457), np.float64(-2134.9107690484443), np.float64(-2162.3112357945815), np.float64(-2227.1874929626943), np.float64(-2290.7256169384946), np.float64(-2460.113152736913), np.float64(-2145.380216447374), np.float64(-2248.894152509693), np.float64(-2241.4738048083173), np.float64(-2117.7641689917396), np.float64(-2271.785426199626), np.float64(-2335.5900565740067), np.float64(-2380.189013673631), np.float64(-2090.954806882118), np.float64(-2315.1298487918084), np.float64(-2151.2035706245015), np.float64(-2015.8401803840175)]"
4,50,uniform,1.06,-2220.82,136.03,"[np.float64(-2144.100514053681), np.float64(-2112.2007939492787), np.float64(-2404.2325835669817), np.float64(-2088.808707121676), np.float64(-2181.7926774711605), np.float64(-2041.3888975862208), np.float64(-1950.9979584917935), np.float64(-2358.100197121268), np.float64(-2374.2857265484454), np.float64(-2437.6603868085554), np.float64(-2118.4273257957807), np.float64(-2183.749607742222), np.float64(-2222.126412229982), np.float64(-2121.2983179383573), np.float64(-2021.7651438693733), np.float64(-1976.9131028804293), np.float64(-2312.1207807957217), np.float64(-2186.324231563596), np.float64(-2381.663798837954), np.float64(-2233.2688614757813), np.float64(-2336.846628385936), np.float64(-2065.9572349590158), np.float64(-2153.6361020600893), np.float64(-2419.6288097182105), np.float64(-2176.671322941965), np.float64(-2196.1897043359295), np.float64(-2310.296246177445), np.float64(-2155.2252089852996), np.float64(-2282.5513144257384), np.float64(-2460.1024048162803), np.float64(-2353.7215510591323), np.float64(-2024.7372535118143), np.float64(-2110.4012097534073), np.float64(-2302.8953921153457), np.float64(-2134.9107690484443), np.float64(-2162.3112357945815), np.float64(-2310.5578097338525), np.float64(-2290.7256169384946), np.float64(-2515.4919775680737), np.float64(-2145.380216447374), np.float64(-2285.0005336838167), np.float64(-2241.4738048083173), np.float64(-2117.7641689917396), np.float64(-2325.9550896994515), np.float64(-2384.548197334683), np.float64(-2380.189013673631), np.float64(-2093.7724345674965), np.float64(-2315.1298487918084), np.float64(-2121.6430536181765), np.float64(-2015.8401803840175)]"
4,50,uniform,1.08,-2213.93,134.8,"[np.float64(-2087.687281590921), np.float64(-2112.2007939492787), np.float64(-2376.1729817090877), np.float64(-2088.808707121676), np.float64(-2181.7926774711605), np.float64(-2066.2625711170904), np.float64(-1950.9979584917935), np.float64(-2358.100197121268), np.float64(-2374.2857265484454), np.float64(-2437.6603868085554), np.float64(-2118.4273257957807), np.float64(-2187.913789534168), np.float64(-2192.1511187679826), np.float64(-2006.5197369986183), np.float64(-2066.552538620158), np.float64(-1976.9131028804293), np.float64(-2312.1207807957217), np.float64(-2186.324231563596), np.float64(-2381.663798837954), np.float64(-2193.682849288688), np.float64(-2352.4120401410783), np.float64(-2065.9572349590158), np.float64(-2175.4151478376098), np.float64(-2419.6288097182105), np.float64(-2176.671322941965), np.float64(-2223.8837791391334), np.float64(-2401.270835257513), np.float64(-2201.587719137843), np.float64(-2254.405600784393), np.float64(-2394.1020514544784), np.float64(-2279.839366779751), np.float64(-2024.7372535118143), np.float64(-2110.4012097534073), np.float64(-2212.4308258971105), np.float64(-2134.9107690484443), np.float64(-2121.03161896221), np.float64(-2310.5578097338525), np.float64(-2290.7256169384946), np.float64(-2515.4919775680737), np.float64(-2141.436538806207), np.float64(-2282.8127938000766), np.float64(-2236.005212031866), np.float64(-2117.7641689917396), np.float64(-2325.9550896994515), np.float64(-2333.4274869959386), np.float64(-2380.189013673631), np.float64(-2093.7724345674965), np.float64(-2333.9273704753246), np.float64(-2121.6430536181765), np.float64(-2007.8438146187607)]"
4,50,uniform,1.1,-2216.0,133.61,"[np.float64(-2119.2514400820364), np.float64(-2112.2007939492787), np.float64(-2376.1729817090877), np.float64(-2088.808707121676), np.float64(-2100.507830777857), np.float64(-2105.170386049344), np.float64(-1997.991947573511), np.float64(-2358.100197121268), np.float64(-2414.7738752425635), np.float64(-2437.6603868085554), np.float64(-2138.2000106080563), np.float64(-2187.913789534168), np.float64(-2233.302904761527), np.float64(-2009.166736709943), np.float64(-2066.552538620158), np.float64(-1976.9131028804293), np.float64(-2354.109719513871), np.float64(-2186.324231563596), np.float64(-2381.663798837954), np.float64(-2186.5923492731263), np.float64(-2343.121411267388), np.float64(-1999.8254596243435), np.float64(-2188.4057389062045), np.float64(-2313.3581865994083), np.float64(-2130.8676838880856), np.float64(-2243.4347234865727), np.float64(-2401.270835257513), np.float64(-2200.1827940709177), np.float64(-2229.3282255429954), np.float64(-2394.1020514544784), np.float64(-2279.839366779751), np.float64(-2027.6006066372931), np.float64(-2055.5009807154556), np.float64(-2212.4308258971105), np.float64(-2148.0236160814143), np.float64(-2121.03161896221), np.float64(-2310.5578097338525), np.float64(-2290.7256169384946), np.float64(-2515.4919775680737), np.float64(-2141.436538806207), np.float64(-2282.8127938000766), np.float64(-2230.4343003402983), np.float64(-2196.6318822177027), np.float64(-2283.576939741659), np.float64(-2333.4274869959386), np.float64(-2442.423179284127), np.float64(-2042.8687429273891), np.float64(-2333.9273704753246), np.float64(-2182.007668394638), np.float64(-2093.9044012278223)]"
4,50,uneven,1.0,-2526.28,199.0,"[np.float64(-2461.3532263731895), np.float64(-2530.9802703883543), np.float64(-2695.6690260496125), np.float64(-2392.2922017724068), np.float64(-2509.788720981229), np.float64(-2637.895260255269), np.float64(-2256.8394098807066), np.float64(-2350.0295716039204), np.float64(-2951.1298609582504), np.float64(-2975.9206687012206), np.float64(-2512.2531187882396), np.float64(-2655.258723046029), np.float64(-2659.375648647833), np.float64(-2123.9745914470454), np.float64(-2447.316818968714), np.float64(-2418.0225302411422), np.float64(-2618.8434640605437), np.float64(-2738.9576350328634), np.float64(-2444.820069509342), np.float64(-2362.4593002137594), np.float64(-2768.3084357400953), np.float64(-2626.115145963219), np.float64(-2295.9174152030287), np.float64(-2555.168478769498), np.float64(-2782.547173116596), np.float64(-2247.8096356655874), np.float64(-2654.896181925151), np.float64(-2658.7585272317447), np.float64(-2709.147768462415), np.float64(-2748.95949846208), np.float64(-2468.882823126777), np.float64(-2376.7075878751866), np.float64(-2345.4489225640086), np.float64(-2482.348288226553), np.float64(-2471.3524414764443), np.float64(-2624.5270504813707), np.float64(-2520.4487897844356), np.float64(-2542.710272393454), np.float64(-2812.534723055897), np.float64(-2495.4785088377353), np.float64(-2179.910632758846), np.float64(-2432.048790657576), np.float64(-2230.1860246607803), np.float64(-2349.8706277231295), np.float64(-2860.796549774694), np.float64(-2834.6151389340675), np.float64(-2316.10391695556), np.float64(-2235.9303587449176), np.float64(-2456.001248756347), np.float64(-2487.264872311262)]"
4,50,uneven,1.02,-2528.41,202.88,"[np.float64(-2488.2117537086497), np.float64(-2530.9802703883543), np.float64(-2717.974300925585), np.float64(-2392.2922017724068), np.float64(-2509.788720981229), np.float64(-2643.1676961246812), np.float64(-2257.4321479024406), np.float64(-2350.0295716039204), np.float64(-2960.1480816046997), np.float64(-2975.9206687012206), np.float64(-2512.2531187882396), np.float64(-2655.258723046029), np.float64(-2659.375648647833), np.float64(-2123.9745914470454), np.float64(-2447.316818968714), np.float64(-2430.945535133798), np.float64(-2618.8434640605437), np.float64(-2738.9576350328634), np.float64(-2444.820069509342), np.float64(-2129.3227624624024), np.float64(-2773.2638706471284), np.float64(-2575.897024986854), np.float64(-2301.0053026719643), np.float64(-2594.9291564739565), np.float64(-2782.547173116596), np.float64(-2247.8096356655874), np.float64(-2618.7746628367113), np.float64(-2658.7585272317447), np.float64(-2709.846485105061), np.float64(-2724.088224022193), np.float64(-2468.882823126777), np.float64(-2376.7075878751866), np.float64(-2345.4489225640086), np.float64(-2482.348288226553), np.float64(-2471.3524414764443), np.float64(-2624.5270504813707), np.float64(-2557.0991659000365), np.float64(-2554.302373349739), np.float64(-2812.534723055897), np.float64(-2495.4785088377353), np.float64(-2179.910632758846), np.float64(-2432.048790657576), np.float64(-2172.5913810369393), np.float64(-2421.326107727571), np.float64(-2864.387335671804), np.float64(-2834.6151389340675), np.float64(-2303.888188104484), np.float64(-2389.9538256790297), np.float64(-2571.8926763047425), np.float64(-2487.264872311262)]"
4,50,uneven,1.04,-2512.34,194.99,"[np.float64(-2462.897701088119), np.float64(-2531.851476135762), np.float64(-2615.0753512826655), np.float64(-2388.369947725541), np.float64(-2497.2239620905975), np.float64(-2643.1676961246812), np.float64(-2257.4321479024406), np.float64(-2350.0295716039204), np.float64(-2936.737284081721), np.float64(-2835.160123567881), np.float64(-2512.2531187882396), np.float64(-2655.258723046029), np.float64(-2642.1818688339185), np.float64(-2123.9745914470454), np.float64(-2447.316818968714), np.float64(-2428.0154487691107), np.float64(-2618.8434640605437), np.float64(-2738.9576350328634), np.float64(-2444.820069509342), np.float64(-2129.3227624624024), np.float64(-2773.2638706471284), np.float64(-2524.4744577104616), np.float64(-2301.0053026719643), np.float64(-2611.9255001419547), np.float64(-2782.547173116596), np.float64(-2247.573292686643), np.float64(-2640.6649542670875), np.float64(-2595.4692573597927), np.float64(-2718.7693408325126), np.float64(-2724.088224022193), np.float64(-2473.762688636955), np.float64(-2376.7075878751866), np.float64(-2345.4489225640086), np.float64(-2484.190710358509), np.float64(-2471.3524414764443), np.float64(-2595.8092430296865), np.float64(-2504.5962745462384), np.float64(-2546.668922359307), np.float64(-2757.2851286392065), np.float64(-2462.310507575747), np.float64(-2179.910632758846), np.float64(-2432.048790657576), np.float64(-2190.631414246206), np.float64(-2421.326107727571), np.float64(-2860.796549774694), np.float64(-2834.6151389340675), np.float64(-2303.888188104484), np.float64(-2253.3725117200493), np.float64(-2456.494049631843), np.float64(-2487.264872311262)]"
4,50,uneven,1.06,-2515.55,194.86,"[np.float64(-2462.897701088119), np.float64(-2564.4727239458216), np.float64(-2742.603609751476), np.float64(-2388.369947725541), np.float64(-2497.2239620905975), np.float64(-2643.1676961246812), np.float64(-2288.784529121201), np.float64(-2350.0295716039204), np.float64(-2936.737284081721), np.float64(-2835.160123567881), np.float64(-2512.2531187882396), np.float64(-2651.6209842357925), np.float64(-2642.1818688339185), np.float64(-2198.6665269014557), np.float64(-2447.316818968714), np.float64(-2428.0154487691107), np.float64(-2744.3445017139675), np.float64(-2736.6075204675785), np.float64(-2444.820069509342), np.float64(-2119.5289883567148), np.float64(-2773.2638706471284), np.float64(-2493.5809318787155), np.float64(-2308.428136730572), np.float64(-2589.078303550044), np.float64(-2774.7508263235195), np.float64(-2247.573292686643), np.float64(-2708.667748736976), np.float64(-2595.4692573597927), np.float64(-2718.7693408325126), np.float64(-2724.088224022193), np.float64(-2473.762688636955), np.float64(-2376.7075878751866), np.float64(-2345.4489225640086), np.float64(-2484.190710358509), np.float64(-2471.3524414764443), np.float64(-2595.8092430296865), np.float64(-2555.3407837626523), np.float64(-2464.9247367668027), np.float64(-2761.9564343706193), np.float64(-2462.310507575747), np.float64(-2179.910632758846), np.float64(-2432.048790657576), np.float64(-2134.99621129347), np.float64(-2421.326107727571), np.float64(-2730.7798639349107), np.float64(-2808.3408439157834), np.float64(-2282.0422929500396), np.float64(-2253.3725117200493), np.float64(-2472.948758915058), np.float64(-2501.2872304947346)]"
4,50,uneven,1.08,-2517.27,199.21,"[np.float64(-2512.2913520662514), np.float64(-2542.2729447602665), np.float64(-2588.0963084233), np.float64(-2388.369947725541), np.float64(-2497.2239620905975), np.float64(-2643.1676961246812), np.float64(-2288.784529121201), np.float64(-2350.0295716039204), np.float64(-2936.392981520637), np.float64(-2835.160123567881), np.float64(-2512.2531187882396), np.float64(-2674.522089947959), np.float64(-2716.191233760081), np.float64(-2192.8442143716134), np.float64(-2447.316818968714), np.float64(-2428.0154487691107), np.float64(-2744.3445017139675), np.float64(-2736.6075204675785), np.float64(-2449.8417621606945), np.float64(-2119.5289883567148), np.float64(-2802.9216862092203), np.float64(-2493.5809318787155), np.float64(-2308.428136730572), np.float64(-2589.078303550044), np.float64(-2765.9027082607513), np.float64(-2128.728158767293), np.float64(-2648.9423020328377), np.float64(-2595.4692573597927), np.float64(-2701.273931981146), np.float64(-2828.6453941767195), np.float64(-2437.3784571504325), np.float64(-2436.971199499844), np.float64(-2345.4489225640086), np.float64(-2484.190710358509), np.float64(-2471.3524414764443), np.float64(-2612.993295696207), np.float64(-2555.3407837626523), np.float64(-2464.9247367668027), np.float64(-2761.9564343706193), np.float64(-2447.0850133948807), np.float64(-2193.6308414106225), np.float64(-2432.048790657576), np.float64(-2190.631414246206), np.float64(-2391.7076068649667), np.float64(-2734.3706498320207), np.float64(-2880.7708113943127), np.float64(-2282.0422929500396), np.float64(-2289.6372121109666), np.float64(-2483.6425589089213), np.float64(-2501.2872304947346)]"
4,50,uneven,1.1,-2515.21,201.11,"[np.float64(-2472.751479084984), np.float64(-2542.2729447602665), np.float64(-2588.0963084233), np.float64(-2388.369947725541), np.float64(-2536.816810805519), np.float64(-2655.8689026247425), np.float64(-2288.784529121201), np.float64(-2350.0295716039204), np.float64(-2936.392981520637), np.float64(-2847.8176042907694), np.float64(-2571.4060489622207), np.float64(-2683.134515512529), np.float64(-2716.191233760081), np.float64(-2192.8442143716134), np.float64(-2447.316818968714), np.float64(-2400.594126418338), np.float64(-2744.3445017139675), np.float64(-2736.6075204675785), np.float64(-2449.8417621606945), np.float64(-2140.879600520039), np.float64(-2802.9216862092203), np.float64(-2545.0034991551083), np.float64(-2319.9528153883684), np.float64(-2616.6953465457473), np.float64(-2716.1068513615264), np.float64(-2128.728158767293), np.float64(-2521.916368914015), np.float64(-2595.4692573597927), np.float64(-2704.4733136012705), np.float64(-2828.6453941767195), np.float64(-2437.3784571504325), np.float64(-2436.971199499844), np.float64(-2345.4489225640086), np.float64(-2484.190710358509), np.float64(-2471.3524414764443), np.float64(-2612.993295696207), np.float64(-2502.012141773477), np.float64(-2464.9247367668027), np.float64(-2781.040261275322), np.float64(-2447.0850133948807), np.float64(-2193.6308414106225), np.float64(-2442.425970062364), np.float64(-2149.4909185457464), np.float64(-2391.7076068649667), np.float64(-2734.3706498320207), np.float64(-2890.6720332290383), np.float64(-2282.0422929500396), np.float64(-2239.684674880921), np.float64(-2483.6425589089213), np.float64(-2499.2126676898956)]"
4,100,uniform,1.0,-4213.78,156.17,"[np.float64(-4201.350466144425), np.float64(-4394.27680164883), np.float64(-4259.346123988656), np.float64(-4093.5004045677883), np.float64(-4330.432687787052), np.float64(-4044.4419471666033), np.float64(-4238.0920951478765), np.float64(-4349.144655998952), np.float64(-4101.397602679071), np.float64(-4195.0020605500185), np.float64(-4128.025103205433), np.float64(-3963.1668327367743), np.float64(-4131.185846739816), np.float64(-4150.618179601175), np.float64(-4077.2535307201333), np.float64(-3859.408429186682), np.float64(-4204.507239860124), np.float64(-4305.474394218027), np.float64(-4405.803189998885), np.float64(-4173.965689615915), np.float64(-4004.777526818841), np.float64(-4301.533844244728), np.float64(-4130.798537556842), np.float64(-4413.145564857905), np.float64(-4004.2664750917597), np.float64(-4476.92625920355), np.float64(-4304.349329652737), np.float64(-3855.9036680074055), np.float64(-4281.574170186755), np.float64(-4171.085775402441), np.float64(-4094.930102795973), np.float64(-4125.087211807989), np.float64(-4215.453568025875), np.float64(-4297.4118848329435), np.float64(-4162.419172482209), np.float64(-4576.872736929037), np.float64(-4241.861974390779), np.float64(-4231.497442088996), np.float64(-4306.465252270192), np.float64(-4416.256317755776), np.float64(-4103.449624079754), np.float64(-4018.3396481770656), np.float64(-4253.041361190699), np.float64(-4467.3306903769235), np.float64(-4494.606180825464), np.float64(-4148.606236981331), np.float64(-4294.151864619829), np.float64(-4398.7456637199975), np.float64(-4088.0392118726472), np.float64(-4203.759917815418)]"
4,100,uniform,1.02,-4199.46,154.91,"[np.float64(-4181.8340473176895), np.float64(-4290.591305834865), np.float64(-4205.7860653847265), np.float64(-4057.041018583734), np.float64(-4325.978672598598), np.float64(-4075.1641622507495), np.float64(-4273.849517027765), np.float64(-4192.839168389359), np.float64(-4097.777013831507), np.float64(-4257.223665315135), np.float64(-4128.025103205433), np.float64(-3963.1668327367743), np.float64(-4116.161038318016), np.float64(-4150.618179601175), np.float64(-4077.2535307201333), np.float64(-3859.408429186682), np.float64(-4204.507239860124), np.float64(-4197.041013507848), np.float64(-4331.502269357372), np.float64(-4172.191349270827), np.float64(-3977.44389600641), np.float64(-4210.592314523716), np.float64(-4130.798537556842), np.float64(-4387.580418601146), np.float64(-4004.2664750917597), np.float64(-4531.677655272361), np.float64(-4304.349329652737), np.float64(-3855.9036680074055), np.float64(-4281.574170186755), np.float64(-4164.826514258405), np.float64(-4092.4544803465888), np.float64(-4124.726467504912), np.float64(-4297.775845899904), np.float64(-4280.1728737837675), np.float64(-4171.933501299041), np.float64(-4576.872736929037), np.float64(-4157.659652842277), np.float64(-4228.455883763059), np.float64(-4219.454042382703), np.float64(-4414.7400544850425), np.float64(-4105.599452149387), np.float64(-4018.3396481770656), np.float64(-4092.1085984054043), np.float64(-4437.554943262681), np.float64(-4494.606180825464), np.float64(-4148.606236981331), np.float64(-4294.151864619829), np.float64(-4477.8639048267705), np.float64(-4088.0392118726472), np.float64(-4245.04041984229)]"
4,100,uniform,1.04,-4194.28,170.53,"[np.float64(-4210.3531215620615), np.float64(-4215.55194873335), np.float64(-4178.781920751713), np.float64(-4013.8253341068416), np.float64(-4379.334589604498), np.float64(-3983.3775593730884), np.float64(-4196.556386791429), np.float64(-4166.460992155525), np.float64(-4093.6350401079017), np.float64(-4288.999953311196), np.float64(-4202.8064660420305), np.float64(-3956.5150261885133), np.float64(-4103.738747018355), np.float64(-4150.618179601175), np.float64(-4065.5325378490397), np.float64(-3846.6813285124217), np.float64(-4197.589238320429), np.float64(-4197.041013507848), np.float64(-4263.040108434125), np.float64(-4149.6643972009), np.float64(-3977.44389600641), np.float64(-4322.843496324247), np.float64(-4127.610812022354), np.float64(-4399.613956522182), np.float64(-3926.903662204097), np.float64(-4531.677655272361), np.float64(-4299.76541563528), np.float64(-3872.0103280106728), np.float64(-4419.315993459959), np.float64(-4158.254719970187), np.float64(-4092.4544803465888), np.float64(-4081.143895446775), np.float64(-4230.301710628266), np.float64(-4325.2781662340485), np.float64(-4168.70593408304), np.float64(-4626.080894879022), np.float64(-4157.659652842277), np.float64(-4228.455883763059), np.float64(-4219.454042382703), np.float64(-4421.761484749086), np.float64(-4132.541931156478), np.float64(-4148.465627470321), np.float64(-4068.542974223987), np.float64(-4497.046519050249), np.float64(-4493.551620372769), np.float64(-3964.3703760931753), np.float64(-4206.8133124242), np.float64(-4477.8639048267705), np.float64(-4032.6750767351173), np.float64(-4245.04041984229)]"
4,100,uniform,1.06,-4187.0,163.74,"[np.float64(-4210.3531215620615), np.float64(-4215.55194873335), np.float64(-4159.874011936108), np.float64(-4057.041018583734), np.float64(-4396.010551147245), np.float64(-3983.3775593730884), np.float64(-4239.828180414789), np.float64(-4134.77951179275), np.float64(-4151.543581921813), np.float64(-4251.519827926184), np.float64(-4161.994171476199), np.float64(-3899.7382546084204), np.float64(-4117.816694733671), np.float64(-4150.618179601175), np.float64(-4043.220600448566), np.float64(-3892.5524045525312), np.float64(-4153.901851141409), np.float64(-4082.974101158762), np.float64(-4263.040108434125), np.float64(-4194.700820859335), np.float64(-3998.5645457610913), np.float64(-4231.703964233516), np.float64(-4127.610812022354), np.float64(-4301.418293223032), np.float64(-3947.8926209006145), np.float64(-4614.863072546691), np.float64(-4326.391165568857), np.float64(-3872.0103280106728), np.float64(-4247.871496277466), np.float64(-4184.83256494757), np.float64(-4099.756745451999), np.float64(-4161.025206119077), np.float64(-4230.301710628266), np.float64(-4325.2781662340485), np.float64(-4156.728790719532), np.float64(-4626.080894879022), np.float64(-4171.570749520859), np.float64(-4183.041590208054), np.float64(-4268.343111541396), np.float64(-4463.619875292227), np.float64(-4068.7642168866705), np.float64(-4147.570672129177), np.float64(-4089.467148502775), np.float64(-4464.537804953043), np.float64(-4295.569680620369), np.float64(-3964.3703760931753), np.float64(-4272.031133840508), np.float64(-4477.8639048267705), np.float64(-4018.351137702563), np.float64(-4251.882339364296)]"
4,100,uniform,1.08,-4198.52,155.0,"[np.float64(-4210.3531215620615), np.float64(-4126.64707344097), np.float64(-4291.831660047862), np.float64(-4057.041018583734), np.float64(-4396.010551147245), np.float64(-4001.4855167837595), np.float64(-4310.117173780095), np.float64(-4123.110081216091), np.float64(-4170.6839186571), np.float64(-4251.519827926184), np.float64(-4167.487071529693), np.float64(-4017.530420329809), np.float64(-4076.4875505767664), np.float64(-4150.618179601175), np.float64(-4043.220600448566), np.float64(-3881.2810929047805), np.float64(-4180.099944326941), np.float64(-4151.491508258108), np.float64(-4263.040108434125), np.float64(-4166.814291013192), np.float64(-4071.3019894646627), np.float64(-4231.703964233516), np.float64(-4238.639530343524), np.float64(-4301.418293223032), np.float64(-3960.3353845547917), np.float64(-4587.119338415336), np.float64(-4330.200026562579), np.float64(-3872.0103280106728), np.float64(-4247.186641155578), np.float64(-4184.83256494757), np.float64(-4099.756745451999), np.float64(-4161.025206119077), np.float64(-4220.371698932283), np.float64(-4363.715619258762), np.float64(-4156.728790719532), np.float64(-4621.537460442292), np.float64(-4171.570749520859), np.float64(-4216.764094523145), np.float64(-4181.367163927064), np.float64(-4463.619875292227), np.float64(-4058.9871322475597), np.float64(-4147.570672129177), np.float64(-4133.079378776941), np.float64(-4470.844336549138), np.float64(-4439.77866851075), np.float64(-4096.0681268199205), np.float64(-4247.229581168692), np.float64(-4345.96030902289), np.float64(-4016.6017619489917), np.float64(-4251.882339364296)]"
4,100,uniform,1.1,-4196.84,161.96,"[np.float64(-4210.3531215620615), np.float64(-3956.5286814039728), np.float64(-4291.831660047862), np.float64(-4112.008264682928), np.float64(-4396.010551147245), np.float64(-4001.4855167837595), np.float64(-4280.582117093834), np.float64(-4123.110081216091), np.float64(-4017.6305556217612), np.float64(-4251.519827926184), np.float64(-4167.487071529693), np.float64(-4017.530420329809), np.float64(-4073.9521340501137), np.float64(-4147.302091210265), np.float64(-4081.5628365985785), np.float64(-3881.2810929047805), np.float64(-4160.47983627618), np.float64(-4151.491508258108), np.float64(-4263.040108434125), np.float64(-4158.764859649311), np.float64(-4071.3019894646627), np.float64(-4231.703964233516), np.float64(-4231.313576795861), np.float64(-4292.397742976574), np.float64(-3960.3353845547917), np.float64(-4587.797694752027), np.float64(-4368.9422260365445), np.float64(-3840.725231109203), np.float64(-4255.2200410202095), np.float64(-4184.83256494757), np.float64(-4099.756745451999), np.float64(-4178.849536284741), np.float64(-4220.371698932283), np.float64(-4363.715619258762), np.float64(-4156.728790719532), np.float64(-4601.227789717329), np.float64(-4236.632579280447), np.float64(-4216.764094523145), np.float64(-4181.367163927064), np.float64(-4463.619875292227), np.float64(-4127.598108789076), np.float64(-4116.171631093716), np.float64(-4143.073519346996), np.float64(-4520.827596902255), np.float64(-4439.77866851075), np.float64(-4096.0681268199205), np.float64(-4244.421581230829), np.float64(-4398.132083449409), np.float64(-4016.6017619489917), np.float64(-4251.882339364296)]"
4,100,uneven,1.0,-4865.25,245.26,"[np.float64(-4855.8552861784665), np.float64(-5252.99634477293), np.float64(-4515.684028866828), np.float64(-5015.637792655468), np.float64(-5159.17582749908), np.float64(-4912.856223949038), np.float64(-4667.268564406556), np.float64(-4850.835345957646), np.float64(-5277.304021962466), np.float64(-4881.576470465574), np.float64(-5071.056009168506), np.float64(-4865.674114489203), np.float64(-5083.940954495264), np.float64(-4759.9555569720105), np.float64(-4568.856078082127), np.float64(-4826.486756228072), np.float64(-4917.231927785426), np.float64(-4831.142137520896), np.float64(-4619.294374166182), np.float64(-4566.972275974714), np.float64(-4864.598401593571), np.float64(-4933.803509216894), np.float64(-4908.15142489861), np.float64(-4887.870155967446), np.float64(-4800.595734519728), np.float64(-4510.715361656882), np.float64(-4766.505757755084), np.float64(-4630.162628862121), np.float64(-5158.255569744541), np.float64(-4917.684622291274), np.float64(-4724.087438977616), np.float64(-4997.1090487556785), np.float64(-4589.631881010254), np.float64(-4846.954762496416), np.float64(-5054.200035785047), np.float64(-5180.91566914598), np.float64(-4949.322571333997), np.float64(-4911.543491260222), np.float64(-4745.892021343028), np.float64(-5138.052466913858), np.float64(-4034.8305785261823), np.float64(-4620.78235695075), np.float64(-4691.705139872111), np.float64(-4818.5489900598795), np.float64(-5454.257946914458), np.float64(-5302.184649475013), np.float64(-4978.243433208899), np.float64(-4686.8292482721035), np.float64(-4647.599284789364), np.float64(-5011.557865593063)]"
4,100,uneven,1.02,-4847.2,249.72,"[np.float64(-4753.455101212432), np.float64(-5231.925691456552), np.float64(-4602.336984293549), np.float64(-5015.637792655468), np.float64(-5142.090250255967), np.float64(-4932.334644234458), np.float64(-4645.493287910384), np.float64(-4850.835345957646), np.float64(-5273.608172255957), np.float64(-4881.576470465574), np.float64(-5110.135620589415), np.float64(-4865.674114489203), np.float64(-5093.957602197154), np.float64(-4745.221759912371), np.float64(-4568.856078082127), np.float64(-4758.947163888031), np.float64(-4896.10673439554), np.float64(-4831.142137520896), np.float64(-4619.294374166182), np.float64(-4576.068022475895), np.float64(-4864.598401593571), np.float64(-4839.808156028973), np.float64(-4819.123540075101), np.float64(-4874.726257723811), np.float64(-4783.384229121983), np.float64(-4520.921586022272), np.float64(-4813.4207350361785), np.float64(-4528.39253255428), np.float64(-5157.635364324947), np.float64(-4859.92539808799), np.float64(-4668.152058004163), np.float64(-4973.910493929323), np.float64(-4529.76217913763), np.float64(-4846.954762496416), np.float64(-5074.865583147164), np.float64(-5197.103602239486), np.float64(-4950.554314085879), np.float64(-4925.70354008262), np.float64(-4623.23861788387), np.float64(-5129.7782966766845), np.float64(-4035.6354470036026), np.float64(-4623.265179660634), np.float64(-4547.142079101531), np.float64(-4818.5489900598795), np.float64(-5423.454677327452), np.float64(-5243.879349968762), np.float64(-4970.794845094302), np.float64(-4634.646728739987), np.float64(-4656.487378400321), np.float64(-5029.6557427989155)]"
4,100,uneven,1.04,-4827.19,234.48,"[np.float64(-4753.455101212432), np.float64(-4953.421745656023), np.float64(-4515.684028866828), np.float64(-4921.630565233125), np.float64(-5145.571793018983), np.float64(-4932.334644234458), np.float64(-4632.255303447187), np.float64(-4877.92042077526), np.float64(-5074.250190655481), np.float64(-4881.576470465574), np.float64(-5110.135620589415), np.float64(-4793.046482560439), np.float64(-5093.957602197154), np.float64(-4745.221759912371), np.float64(-4575.895504145783), np.float64(-4794.456458516294), np.float64(-4892.141969230344), np.float64(-4593.387789658583), np.float64(-4581.985431438511), np.float64(-4604.512750325565), np.float64(-4920.156524925477), np.float64(-4873.529311203505), np.float64(-4846.1641268802905), np.float64(-4880.462283249556), np.float64(-4751.799274486658), np.float64(-4564.2179603493905), np.float64(-4716.835751286994), np.float64(-4553.637669079964), np.float64(-5177.479329395587), np.float64(-4859.92539808799), np.float64(-4693.5486375808905), np.float64(-4960.885107063451), np.float64(-4556.497953530236), np.float64(-4846.954762496416), np.float64(-5067.495041463603), np.float64(-5069.152044569501), np.float64(-4995.461703345724), np.float64(-4926.820734162142), np.float64(-4623.23861788387), np.float64(-4949.728757766193), np.float64(-4050.432275768812), np.float64(-4636.702920986352), np.float64(-4560.2572438987245), np.float64(-4849.709097872358), np.float64(-5376.299153952048), np.float64(-5290.643905580323), np.float64(-4966.03225976388), np.float64(-4624.512612315182), np.float64(-4621.391063195728), np.float64(-5076.441998792887)]"
4,100,uneven,1.06,-4834.17,240.68,"[np.float64(-4862.661968637087), np.float64(-5248.733900372597), np.float64(-4542.530903433057), np.float64(-4927.000825271826), np.float64(-5142.009959269725), np.float64(-4937.409849669672), np.float64(-4665.008891970297), np.float64(-4832.624920686915), np.float64(-5288.967124927114), np.float64(-4875.492908081614), np.float64(-5123.779963633726), np.float64(-4797.644811642018), np.float64(-5089.831453261206), np.float64(-4715.79538560217), np.float64(-4575.895504145783), np.float64(-4749.922843805046), np.float64(-4893.034994812098), np.float64(-4671.5382772616385), np.float64(-4617.041344314613), np.float64(-4604.512750325565), np.float64(-4886.494851685009), np.float64(-4873.529311203505), np.float64(-4880.23616559663), np.float64(-4876.622329000916), np.float64(-4762.195069925297), np.float64(-4564.2179603493905), np.float64(-4679.634280728026), np.float64(-4553.637669079964), np.float64(-5164.1490682459325), np.float64(-4865.031428612412), np.float64(-4609.894980364179), np.float64(-4944.9986280746425), np.float64(-4548.42944593667), np.float64(-4842.870632291701), np.float64(-5075.080467912686), np.float64(-5069.152044569501), np.float64(-4995.461703345724), np.float64(-4932.2344484032865), np.float64(-4623.23861788387), np.float64(-4979.370400704312), np.float64(-4118.228475020439), np.float64(-4636.702920986352), np.float64(-4548.01890255269), np.float64(-4703.089905870204), np.float64(-5376.299153952048), np.float64(-5195.229287742881), np.float64(-4966.03225976388), np.float64(-4624.512612315182), np.float64(-4575.8793453457465), np.float64(-5076.441998792887)]"
4,100,uneven,1.08,-4835.1,230.03,"[np.float64(-4769.603088071433), np.float64(-5028.140712738253), np.float64(-4547.863346015348), np.float64(-4932.7744582801315), np.float64(-5142.009959269725), np.float64(-4937.409849669672), np.float64(-4665.008891970297), np.float64(-4832.624920686915), np.float64(-5274.181378603751), np.float64(-4931.427357998814), np.float64(-5105.824210761446), np.float64(-4861.818084514559), np.float64(-5087.234851934424), np.float64(-4748.775467298651), np.float64(-4587.149150914256), np.float64(-4730.688364858353), np.float64(-4865.138117708855), np.float64(-4696.459188506831), np.float64(-4613.310366268239), np.float64(-4628.851513555805), np.float64(-4886.494851685009), np.float64(-4924.60871721366), np.float64(-4888.711671185388), np.float64(-4881.489200026454), np.float64(-4773.685053138684), np.float64(-4564.2179603493905), np.float64(-4860.170015200194), np.float64(-4553.637669079964), np.float64(-5164.1490682459325), np.float64(-4780.554411735364), np.float64(-4609.894980364179), np.float64(-4974.279067158084), np.float64(-4548.42944593667), np.float64(-4842.870632291701), np.float64(-5080.734632871577), np.float64(-5069.152044569501), np.float64(-5018.1540134608085), np.float64(-4932.2344484032865), np.float64(-4623.23861788387), np.float64(-4975.404192842365), np.float64(-4144.147109667952), np.float64(-4632.16893590013), np.float64(-4569.930969722529), np.float64(-4703.089905870204), np.float64(-5388.04191871779), np.float64(-5077.171869560521), np.float64(-4966.03225976388), np.float64(-4575.762977827967), np.float64(-4626.1755694162985), np.float64(-5134.303281600887)]"
4,100,uneven,1.1,-4836.37,237.13,"[np.float64(-4769.603088071433), np.float64(-5159.2092802794905), np.float64(-4597.918152107362), np.float64(-4936.087283837536), np.float64(-5135.909457829269), np.float64(-4979.327117727325), np.float64(-4672.594084462517), np.float64(-4832.624920686915), np.float64(-5146.252311320653), np.float64(-4966.28987706617), np.float64(-5162.5226844440485), np.float64(-4854.1584090089045), np.float64(-5084.43324759102), np.float64(-4745.58696653679), np.float64(-4590.868200186297), np.float64(-4743.268845069116), np.float64(-4845.518009658094), np.float64(-4704.786803849775), np.float64(-4553.033202588913), np.float64(-4628.851513555805), np.float64(-4886.494851685009), np.float64(-4944.981786605468), np.float64(-4614.486740938962), np.float64(-4908.449554113085), np.float64(-4773.685053138684), np.float64(-4628.953632710407), np.float64(-4859.337718333549), np.float64(-4560.92336765607), np.float64(-5164.1490682459325), np.float64(-4792.145844082861), np.float64(-4815.244315828068), np.float64(-4974.279067158084), np.float64(-4336.246006201751), np.float64(-4842.870632291701), np.float64(-5064.821291569128), np.float64(-5069.152044569501), np.float64(-5070.432498899073), np.float64(-4964.0618385567905), np.float64(-4618.19947858807), np.float64(-4975.404192842365), np.float64(-4141.323162832816), np.float64(-4687.132045092209), np.float64(-4569.930969722529), np.float64(-4703.089905870204), np.float64(-5388.04191871779), np.float64(-5077.171869560521), np.float64(-4966.03225976388), np.float64(-4575.762977827967), np.float64(-4602.716632614168), np.float64(-5134.303281600887)]"
4,200,uniform,1.0,-8159.98,224.99,"[np.float64(-8407.732361235334), np.float64(-8398.628634202198), np.float64(-8204.742779317949), np.float64(-7786.262254391872), np.float64(-8255.100817665196), np.float64(-8083.389590823446), np.float64(-7753.485199488807), np.float64(-7893.862644563908), np.float64(-7718.75440432449), np.float64(-8727.052852926365), np.float64(-8141.613200029995), np.float64(-7826.4248613963355), np.float64(-8244.45995538417), np.float64(-8202.533440248128), np.float64(-8085.910129890739), np.float64(-7819.853866905297), np.float64(-8180.051464936323), np.float64(-8179.406712085711), np.float64(-8065.606544527887), np.float64(-8236.878037443508), np.float64(-8426.661603282353), np.float64(-7934.214520077645), np.float64(-8286.51446932557), np.float64(-8325.360462275725), np.float64(-7931.69052341405), np.float64(-8398.042908845842), np.float64(-8316.085786025116), np.float64(-7996.4407438974), np.float64(-8098.2163079609245), np.float64(-8187.908350545258), np.float64(-8156.425418098221), np.float64(-8533.663898629893), np.float64(-8052.104666625625), np.float64(-8158.1456040922785), np.float64(-8155.2969417094455), np.float64(-8344.942183547984), np.float64(-8158.7144011549735), np.float64(-8238.373611705218), np.float64(-7932.076238492279), np.float64(-8246.141553493748), np.float64(-8316.343732762864), np.float64(-8554.709348920447), np.float64(-7889.498329200475), np.float64(-8277.775773044039), np.float64(-7630.659745778488), np.float64(-8069.564126087343), np.float64(-8267.067565916926), np.float64(-8327.233680414916), np.float64(-8152.223470467374), np.float64(-8425.377810748438)]"
4,200,uniform,1.02,-8146.71,218.1,"[np.float64(-8385.94771762435), np.float64(-8286.782087868785), np.float64(-8197.84797551781), np.float64(-7898.1753704650855), np.float64(-8320.113340847438), np.float64(-8028.507783404424), np.float64(-7843.041142932495), np.float64(-7879.395119512855), np.float64(-7703.939350103411), np.float64(-8701.7748260434), np.float64(-8052.172482031203), np.float64(-7835.769920430715), np.float64(-8094.7095883397715), np.float64(-8280.161152620696), np.float64(-8057.839253920984), np.float64(-7755.051879574786), np.float64(-8235.190067689555), np.float64(-8279.648029726472), np.float64(-8026.429296228838), np.float64(-8232.856497926387), np.float64(-8370.207683306427), np.float64(-7893.217309485382), np.float64(-8254.44831529129), np.float64(-8244.540924441724), np.float64(-7910.4527041041365), np.float64(-8295.087976844075), np.float64(-8351.895397776703), np.float64(-7981.6308238890615), np.float64(-8185.288660873277), np.float64(-8192.349490358323), np.float64(-8204.898010033607), np.float64(-8469.41137312093), np.float64(-8068.836892004491), np.float64(-8016.723346148813), np.float64(-8084.223143376481), np.float64(-8348.797755077492), np.float64(-8157.3303026609565), np.float64(-8276.147215367631), np.float64(-7923.827237503361), np.float64(-8319.124173261094), np.float64(-8172.729331764636), np.float64(-8551.127483411641), np.float64(-7923.455543646155), np.float64(-8292.658542471763), np.float64(-7615.559960720803), np.float64(-8099.614134049443), np.float64(-8163.476908093831), np.float64(-8214.901261318195), np.float64(-8184.6798859918235), np.float64(-8473.459388560083)]"
4,200,uniform,1.04,-8125.07,214.27,"[np.float64(-8435.698518234534), np.float64(-8263.001498250862), np.float64(-8225.562994399632), np.float64(-7898.261657353717), np.float64(-8267.790589555312), np.float64(-8037.643578368943), np.float64(-7902.096752823181), np.float64(-7852.748846124926), np.float64(-7821.196508012671), np.float64(-8678.454904732409), np.float64(-8068.135347834054), np.float64(-7805.498941347834), np.float64(-8101.979724373356), np.float64(-8160.162344009119), np.float64(-7984.84577209124), np.float64(-7796.354636355993), np.float64(-8158.710142085391), np.float64(-8170.053628822087), np.float64(-8041.050017607568), np.float64(-8203.20003600721), np.float64(-8331.179589316529), np.float64(-7868.488305892588), np.float64(-8356.17503276625), np.float64(-8265.059393692542), np.float64(-7774.582117989041), np.float64(-8299.083142224394), np.float64(-8234.35379572754), np.float64(-7848.451945633798), np.float64(-8118.661028505233), np.float64(-8049.623799845581), np.float64(-8146.275896944888), np.float64(-8443.63111144707), np.float64(-8050.373473927232), np.float64(-8031.077155048114), np.float64(-8039.670778401651), np.float64(-8323.608660873668), np.float64(-8104.065309279634), np.float64(-8194.749527867667), np.float64(-7911.347570101733), np.float64(-8319.124173261094), np.float64(-8177.377155095971), np.float64(-8555.580602976608), np.float64(-8000.6940675077685), np.float64(-8267.043020955323), np.float64(-7581.045560957498), np.float64(-8028.948427912635), np.float64(-8226.04692295993), np.float64(-8232.410004083828), np.float64(-8191.922067451061), np.float64(-8410.627855025137)]"
4,200,uniform,1.06,-8128.42,231.87,"[np.float64(-8361.110750574133), np.float64(-8262.613984595544), np.float64(-8217.79444134213), np.float64(-7782.4051390495315), np.float64(-8350.691083001531), np.float64(-8016.39865357885), np.float64(-7911.234998949969), np.float64(-7856.338595530247), np.float64(-7803.585338755147), np.float64(-8719.281858107139), np.float64(-8054.649589830642), np.float64(-7808.673331210895), np.float64(-8103.028132784584), np.float64(-8178.587341633219), np.float64(-8000.549572630346), np.float64(-7726.043766977253), np.float64(-8196.348544863042), np.float64(-8244.679046388786), np.float64(-7995.8720217611735), np.float64(-8044.3382339557165), np.float64(-8348.731592737857), np.float64(-7859.783116222762), np.float64(-8397.418148674458), np.float64(-8245.441477526392), np.float64(-7774.582117989041), np.float64(-8213.389404740521), np.float64(-8173.869301844165), np.float64(-7963.827363542851), np.float64(-8233.936783893074), np.float64(-8187.776260795223), np.float64(-8192.395543314624), np.float64(-8539.072539990233), np.float64(-8065.456078751023), np.float64(-7969.504832310429), np.float64(-8071.780394079321), np.float64(-8264.460709651554), np.float64(-8104.065309279634), np.float64(-8169.416534199005), np.float64(-7889.628309660147), np.float64(-8298.85435696205), np.float64(-8236.281144176133), np.float64(-8681.999744718823), np.float64(-7994.823242037354), np.float64(-8299.756387655572), np.float64(-7552.070849228737), np.float64(-8037.667171087113), np.float64(-8172.807016090898), np.float64(-8188.223040341585), np.float64(-8205.082925979816), np.float64(-8454.667474550857)]"
4,200,uniform,1.08,-8131.7,241.79,"[np.float64(-8361.110750574133), np.float64(-8249.47482070901), np.float64(-8217.79444134213), np.float64(-7704.109507428431), np.float64(-8119.1645264725175), np.float64(-8088.499999808647), np.float64(-7883.629294610864), np.float64(-7847.885673907955), np.float64(-7803.585338755147), np.float64(-8817.006058203568), np.float64(-8054.649589830642), np.float64(-7771.475160938822), np.float64(-8023.6090034772105), np.float64(-8245.873178612715), np.float64(-8065.768531855771), np.float64(-7654.877981155594), np.float64(-8108.083826690517), np.float64(-8243.958437935504), np.float64(-7976.565913541537), np.float64(-8049.058093640523), np.float64(-8348.731592737857), np.float64(-7859.783116222762), np.float64(-8389.029581757552), np.float64(-8282.9252570843), np.float64(-7838.5567452674895), np.float64(-8231.921209543758), np.float64(-8193.170419149064), np.float64(-7948.34849114944), np.float64(-8233.936783893074), np.float64(-8179.667930527993), np.float64(-8177.590951402031), np.float64(-8608.670605623929), np.float64(-8087.065810283114), np.float64(-7974.764127846226), np.float64(-8065.792548549419), np.float64(-8264.460709651554), np.float64(-8104.065309279634), np.float64(-8146.77655999829), np.float64(-7915.472607358563), np.float64(-8309.67613854275), np.float64(-8242.213031784117), np.float64(-8708.18286036042), np.float64(-8064.039442163241), np.float64(-8307.872935718804), np.float64(-7615.725230020803), np.float64(-8064.955296813644), np.float64(-8227.194388293867), np.float64(-8252.494348080196), np.float64(-8180.443798174439), np.float64(-8475.143086445281)]"
4,200,uniform,1.1,-8144.44,238.35,"[np.float64(-8415.297018840996), np.float64(-8249.47482070901), np.float64(-8178.481903599774), np.float64(-7720.493402018482), np.float64(-8119.1645264725175), np.float64(-8074.951283541207), np.float64(-7848.79596711754), np.float64(-7755.855591879412), np.float64(-7849.118525343183), np.float64(-8774.127618598273), np.float64(-8077.452898937904), np.float64(-7756.500467133416), np.float64(-8023.6090034772105), np.float64(-8228.722579453528), np.float64(-8105.902165906163), np.float64(-7654.877981155594), np.float64(-8135.999821883111), np.float64(-8244.749177573467), np.float64(-7987.237458705791), np.float64(-8077.431889716429), np.float64(-8348.731592737857), np.float64(-7859.783116222762), np.float64(-8366.772297798632), np.float64(-8268.602984169887), np.float64(-7845.8300037937715), np.float64(-8274.057752688765), np.float64(-8129.587718067196), np.float64(-7996.523023166654), np.float64(-8298.841006276136), np.float64(-8130.926400937578), np.float64(-8210.269712012863), np.float64(-8636.22741643952), np.float64(-8151.83710835332), np.float64(-8025.219021798028), np.float64(-8086.799016253606), np.float64(-8264.460709651554), np.float64(-8128.523294283202), np.float64(-8133.443347579761), np.float64(-8101.9986964171885), np.float64(-8265.538664205524), np.float64(-8290.082864124272), np.float64(-8722.024443594973), np.float64(-8225.354195000027), np.float64(-8328.013636107518), np.float64(-7646.511413537363), np.float64(-8117.801151014955), np.float64(-8221.613586914813), np.float64(-8231.597854632084), np.float64(-8180.443798174439), np.float64(-8456.130016539057)]"
4,200,uneven,1.0,-9517.45,397.24,"[np.float64(-9832.06592109582), np.float64(-10380.010971412092), np.float64(-9606.595221267462), np.float64(-9480.160218192003), np.float64(-9835.59613091067), np.float64(-9826.710996872296), np.float64(-8916.515660386733), np.float64(-9158.073161823297), np.float64(-9451.222132881463), np.float64(-9686.520479217375), np.float64(-9863.974912943935), np.float64(-9486.017961297583), np.float64(-9657.389885171919), np.float64(-9258.119239625294), np.float64(-8973.985633751909), np.float64(-9493.465752804224), np.float64(-9594.814495030507), np.float64(-9458.11410640145), np.float64(-9254.977169476659), np.float64(-9350.718182402168), np.float64(-9977.501639700864), np.float64(-9479.309077774784), np.float64(-9473.420404471155), np.float64(-9741.408138808552), np.float64(-9622.131747907653), np.float64(-9580.828340398844), np.float64(-9769.487503710394), np.float64(-9665.277693127517), np.float64(-9916.482931520182), np.float64(-9427.66674266812), np.float64(-9543.802235414629), np.float64(-10397.135803985573), np.float64(-8847.118896859125), np.float64(-9524.47140652787), np.float64(-9797.385892157934), np.float64(-9666.952814974524), np.float64(-9859.582177223796), np.float64(-9598.164751796077), np.float64(-9313.543878618204), np.float64(-9594.197719763242), np.float64(-8397.834309640268), np.float64(-9199.646934718947), np.float64(-9001.319152360034), np.float64(-8776.436197805722), np.float64(-9749.971667526623), np.float64(-10271.185719132378), np.float64(-9932.683696446697), np.float64(-9303.557762130611), np.float64(-8957.769562816933), np.float64(-8921.363287928045)]"
4,200,uneven,1.02,-9498.03,400.54,"[np.float64(-9777.708749312784), np.float64(-10363.921423417849), np.float64(-9562.43450029062), np.float64(-9479.06277482996), np.float64(-9831.297891750844), np.float64(-9844.034570780737), np.float64(-8868.249469874852), np.float64(-9157.967476171496), np.float64(-9451.222132881463), np.float64(-9536.496998959212), np.float64(-9752.163066704246), np.float64(-9453.127200935298), np.float64(-9660.767944518348), np.float64(-9286.535532433936), np.float64(-9036.879754542993), np.float64(-9507.278058418271), np.float64(-9550.947667655222), np.float64(-9436.024780901038), np.float64(-9155.51785166789), np.float64(-9362.98986422789), np.float64(-9966.19190055903), np.float64(-9489.88038979994), np.float64(-9431.909663062876), np.float64(-9738.397294736722), np.float64(-9582.551298670724), np.float64(-9631.86458776628), np.float64(-9697.330559160384), np.float64(-9665.277693127517), np.float64(-9906.210632518038), np.float64(-9415.09862968111), np.float64(-9565.512090008227), np.float64(-10481.391187292418), np.float64(-8799.378889529231), np.float64(-9485.639976702234), np.float64(-9824.573131474292), np.float64(-9655.416410131007), np.float64(-9859.572338596967), np.float64(-9606.939355803592), np.float64(-9305.170566386218), np.float64(-9395.714291642658), np.float64(-8321.636002892537), np.float64(-9197.014071926997), np.float64(-9001.319152360034), np.float64(-8804.441175755079), np.float64(-9724.727633309536), np.float64(-10202.659889736802), np.float64(-9911.935706597458), np.float64(-9306.884450369786), np.float64(-8991.585569602283), np.float64(-8860.764777607514)]"
4,200,uneven,1.04,-9483.04,404.25,"[np.float64(-9780.706336071547), np.float64(-10376.558025889588), np.float64(-9568.718555531443), np.float64(-9448.404967967022), np.float64(-9736.652201054303), np.float64(-9852.545947210707), np.float64(-8863.376554722265), np.float64(-9192.195511105168), np.float64(-9383.463648570078), np.float64(-9511.339184176239), np.float64(-9665.2050664267), np.float64(-9444.894862723828), np.float64(-9608.887098732572), np.float64(-9349.777338620825), np.float64(-9015.937484540622), np.float64(-9510.727916381567), np.float64(-9508.261741073944), np.float64(-9415.565324862351), np.float64(-9249.34225169207), np.float64(-9428.062794966472), np.float64(-9999.219864513607), np.float64(-9529.366888801094), np.float64(-9401.335903510182), np.float64(-9738.397294736722), np.float64(-9603.850733509582), np.float64(-9600.513796830643), np.float64(-9650.28909561648), np.float64(-9666.021487435697), np.float64(-9862.862379849621), np.float64(-9421.803133604211), np.float64(-9620.609558272354), np.float64(-10475.385541314907), np.float64(-8692.04409527599), np.float64(-9486.860509171429), np.float64(-9836.683631949034), np.float64(-9608.58560361542), np.float64(-9798.484180103935), np.float64(-9585.623992722389), np.float64(-9250.801569974317), np.float64(-9435.51430890109), np.float64(-8306.523663125596), np.float64(-9136.805442796185), np.float64(-8975.363423859937), np.float64(-8788.280114145437), np.float64(-9717.415908926647), np.float64(-10169.50829459171), np.float64(-9860.059793575376), np.float64(-9297.01086309288), np.float64(-8947.90156060461), np.float64(-8778.142226439571)]"
4,200,uneven,1.06,-9480.94,418.34,"[np.float64(-9777.161725506185), np.float64(-10394.67116013762), np.float64(-9633.391034871805), np.float64(-9195.571451026199), np.float64(-9658.645543951297), np.float64(-9803.36271664116), np.float64(-8866.29408247612), np.float64(-9156.266682539303), np.float64(-9449.186773251084), np.float64(-9535.114605116692), np.float64(-9672.333074619297), np.float64(-9407.248080674566), np.float64(-9636.676128156114), np.float64(-9329.617309041312), np.float64(-9062.44158626602), np.float64(-9502.615294764611), np.float64(-9505.5548837612), np.float64(-9449.524226485444), np.float64(-9229.362642395705), np.float64(-9443.358117991365), np.float64(-10021.984189989256), np.float64(-9490.512489778284), np.float64(-9349.768853086865), np.float64(-9782.606184495475), np.float64(-9644.774090864199), np.float64(-9630.26073959907), np.float64(-9631.738517347923), np.float64(-9666.021487435697), np.float64(-9885.714830004696), np.float64(-9428.133297293765), np.float64(-9640.044137477193), np.float64(-10526.587910133274), np.float64(-8573.716278340473), np.float64(-9498.322771766672), np.float64(-9798.118305365282), np.float64(-9706.940964136567), np.float64(-9821.40929482007), np.float64(-9529.079910836268), np.float64(-9269.261982922715), np.float64(-9482.77762048315), np.float64(-8341.776365839793), np.float64(-9102.069356611173), np.float64(-8947.79701809817), np.float64(-8792.8420991485), np.float64(-9768.54922908533), np.float64(-10178.141966543746), np.float64(-9860.059793575376), np.float64(-9357.312670043284), np.float64(-8834.248426869295), np.float64(-8778.142226439571)]"
4,200,uneven,1.08,-9484.42,417.54,"[np.float64(-9849.423635177613), np.float64(-10396.46625727085), np.float64(-9529.749612418476), np.float64(-9522.08048001723), np.float64(-9683.21257049004), np.float64(-9886.517231770711), np.float64(-8918.034423010871), np.float64(-9198.820103611755), np.float64(-9480.936466123138), np.float64(-9447.33811572529), np.float64(-9709.94100118931), np.float64(-9355.712314039562), np.float64(-9644.566484810584), np.float64(-9314.384767404703), np.float64(-9045.779819555237), np.float64(-9544.425363309178), np.float64(-9475.71336422874), np.float64(-9499.254904733429), np.float64(-9235.0778471257), np.float64(-9443.358117991365), np.float64(-10064.348519007961), np.float64(-9490.512489778284), np.float64(-9246.5994657782), np.float64(-9782.606184495475), np.float64(-9644.774090864199), np.float64(-9656.709000575127), np.float64(-9663.744120118135), np.float64(-9674.33272318612), np.float64(-9921.01323914878), np.float64(-9426.788408197926), np.float64(-9579.993512919886), np.float64(-10369.562803710201), np.float64(-8519.305609280877), np.float64(-9521.865985672835), np.float64(-9819.867468496226), np.float64(-9811.996752156709), np.float64(-9797.080605430467), np.float64(-9529.079910836268), np.float64(-9251.371989608637), np.float64(-9390.314014467058), np.float64(-8354.149528339434), np.float64(-9078.789521002771), np.float64(-8907.724947552513), np.float64(-8799.386302013227), np.float64(-9765.888420248739), np.float64(-10167.491253954271), np.float64(-9843.35290010535), np.float64(-9346.436986097327), np.float64(-8802.909637902358), np.float64(-8812.322026248876)]"
4,200,uneven,1.1,-9490.66,415.79,"[np.float64(-9807.912381577351), np.float64(-10387.731426871336), np.float64(-9511.552988266285), np.float64(-9256.115037366066), np.float64(-9647.768120475042), np.float64(-9859.620701479436), np.float64(-8944.255616916083), np.float64(-9209.80062841401), np.float64(-9486.132293540892), np.float64(-9472.521630459421), np.float64(-9766.144289064268), np.float64(-9392.432160668339), np.float64(-9632.781850879157), np.float64(-9304.788905307674), np.float64(-9056.866036303563), np.float64(-9543.801881777925), np.float64(-9482.578247553685), np.float64(-9418.216141481484), np.float64(-9241.734272629674), np.float64(-9471.540477397777), np.float64(-10108.831743922985), np.float64(-9524.911063303853), np.float64(-9284.76649734907), np.float64(-9826.638214346556), np.float64(-9620.917035701641), np.float64(-9639.053419165544), np.float64(-9799.847325007073), np.float64(-9732.793948651328), np.float64(-9997.04608638628), np.float64(-9449.046665863883), np.float64(-9579.993512919886), np.float64(-10324.129757013734), np.float64(-8570.242412063953), np.float64(-9526.317495435625), np.float64(-9856.911765618106), np.float64(-9831.186086636228), np.float64(-9797.633220703034), np.float64(-9529.262662287196), np.float64(-9251.371989608637), np.float64(-9468.383727855136), np.float64(-8304.184950101493), np.float64(-8997.312615013188), np.float64(-8918.913076127086), np.float64(-8921.7324176782), np.float64(-9668.393151523565), np.float64(-10201.235078418857), np.float64(-9843.35290010535), np.float64(-9365.258967311845), np.float64(-8864.550806604093), np.float64(-8834.303645114278)]"
4,400,uniform,1.0,-15872.14,307.21,"[np.float64(-16303.842209292246), np.float64(-16057.533999644056), np.float64(-15632.329080805077), np.float64(-15407.753096188493), np.float64(-16078.302479246908), np.float64(-15885.398752630901), np.float64(-15940.711190992379), np.float64(-16059.11924184514), np.float64(-15913.342814802027), np.float64(-16205.258424279327), np.float64(-15359.759058142448), np.float64(-15204.646589212845), np.float64(-16101.369108790823), np.float64(-16415.40710073824), np.float64(-16039.210440871371), np.float64(-15556.957828122375), np.float64(-16162.66911153606), np.float64(-15679.305803651756), np.float64(-15570.275407852523), np.float64(-16090.229631065833), np.float64(-16103.918770992803), np.float64(-15557.4926342938), np.float64(-16138.997330769267), np.float64(-16052.830431652883), np.float64(-15482.91468652462), np.float64(-15948.847460426212), np.float64(-16269.323440739672), np.float64(-15455.445120797494), np.float64(-16223.766754770102), np.float64(-15840.7619471584), np.float64(-15890.97718710159), np.float64(-15784.406099040421), np.float64(-15699.92182128929), np.float64(-15952.556727724233), np.float64(-15692.492218171457), np.float64(-15824.630684637885), np.float64(-16349.562908137832), np.float64(-16242.168660064899), np.float64(-15911.91755092757), np.float64(-15846.776166983105), np.float64(-15771.825569072964), np.float64(-15513.331873348094), np.float64(-15250.79668311818), np.float64(-16203.262467463072), np.float64(-15665.107832498938), np.float64(-16147.79460542973), np.float64(-15553.464578910662), np.float64(-16231.956938430372), np.float64(-15349.44205672466), np.float64(-15986.966426196257)]"
4,400,uniform,1.02,-15817.83,308.16,"[np.float64(-16192.442785095525), np.float64(-15997.11202963129), np.float64(-15548.507390258545), np.float64(-15253.839515879406), np.float64(-16053.2516437377), np.float64(-15911.006486677148), np.float64(-15895.35783381821), np.float64(-15974.142358741745), np.float64(-15921.263756459177), np.float64(-16252.213501465285), np.float64(-15318.192380665954), np.float64(-15120.650474671445), np.float64(-15989.773179021318), np.float64(-16365.231272663128), np.float64(-16021.98410667894), np.float64(-15550.545888982675), np.float64(-16080.282892627125), np.float64(-15693.290406215012), np.float64(-15616.161289902091), np.float64(-15967.143844561497), np.float64(-16033.753963111456), np.float64(-15539.849801195069), np.float64(-16134.568701411856), np.float64(-16045.475327179607), np.float64(-15391.73178045192), np.float64(-15868.030836121703), np.float64(-16095.699653421761), np.float64(-15384.719996206992), np.float64(-16254.100388601404), np.float64(-15782.271194564217), np.float64(-15712.209792835785), np.float64(-15741.03219714242), np.float64(-15708.755320294953), np.float64(-15897.364622778889), np.float64(-15640.015894972084), np.float64(-15785.293645359458), np.float64(-16301.862059904159), np.float64(-16110.803289801039), np.float64(-15724.190493881091), np.float64(-15800.33395011517), np.float64(-15729.42815728765), np.float64(-15504.415720611745), np.float64(-15136.722011045105), np.float64(-16062.304067197612), np.float64(-15778.121603220303), np.float64(-16089.141477221032), np.float64(-15424.408687706016), np.float64(-16182.673205356079), np.float64(-15333.847494463264), np.float64(-15975.947880402931)]"
4,400,uniform,1.04,-15798.71,327.57,"[np.float64(-16248.275616394363), np.float64(-15943.237930190528), np.float64(-15406.302499965836), np.float64(-15258.574799203661), np.float64(-15990.60315837365), np.float64(-15849.440116824366), np.float64(-15842.333511746398), np.float64(-15993.074190031159), np.float64(-15860.48927474584), np.float64(-16245.098269154518), np.float64(-15280.474996605733), np.float64(-15149.138666966344), np.float64(-15909.482543033766), np.float64(-16288.452089001663), np.float64(-16046.00328373024), np.float64(-15429.386312933673), np.float64(-16157.957388521188), np.float64(-15633.191426267756), np.float64(-15548.067442546915), np.float64(-15833.8756237722), np.float64(-16067.833772548316), np.float64(-15542.834094991194), np.float64(-16110.2775935721), np.float64(-16036.643599305404), np.float64(-15198.410465203615), np.float64(-15865.566395569771), np.float64(-16202.764834490858), np.float64(-15370.747211511298), np.float64(-16273.64351494096), np.float64(-15790.710792528933), np.float64(-15785.683090906328), np.float64(-15787.16429836276), np.float64(-15689.99966459864), np.float64(-15907.799639080436), np.float64(-15514.836408081064), np.float64(-15773.8809845667), np.float64(-16273.1096137572), np.float64(-16209.495424621748), np.float64(-15628.532784341427), np.float64(-15879.422904081044), np.float64(-15879.617578217196), np.float64(-15517.552612600753), np.float64(-15113.057625808966), np.float64(-16076.630387949299), np.float64(-15648.100275076675), np.float64(-16196.752426476689), np.float64(-15425.568894895861), np.float64(-15972.611356429552), np.float64(-15282.49801059456), np.float64(-16000.262292459913)]"
4,400,uniform,1.06,-15790.73,337.2,"[np.float64(-16260.224844359433), np.float64(-15902.777845235678), np.float64(-15433.265043072024), np.float64(-15178.931155819557), np.float64(-16000.339794991658), np.float64(-15799.045360290362), np.float64(-15862.484556966081), np.float64(-15945.019043838613), np.float64(-15838.657645413781), np.float64(-16329.724279844668), np.float64(-15278.51807558732), np.float64(-15073.739124789143), np.float64(-15975.099399445264), np.float64(-16226.442212773201), np.float64(-15992.808225048846), np.float64(-15495.102959035792), np.float64(-16052.027124680793), np.float64(-15570.667048817153), np.float64(-15444.144838020979), np.float64(-15938.840631605404), np.float64(-16071.291631351962), np.float64(-15550.743072425566), np.float64(-16134.302237629723), np.float64(-15970.236882149868), np.float64(-15179.968334528554), np.float64(-15942.703211530548), np.float64(-16188.181018758312), np.float64(-15438.134251919299), np.float64(-16293.54863632908), np.float64(-15777.740722708215), np.float64(-15831.216830546484), np.float64(-15842.608247215885), np.float64(-15735.881976425764), np.float64(-15926.242714404108), np.float64(-15454.754486859334), np.float64(-15728.345754999957), np.float64(-16235.047885286353), np.float64(-16197.749441495973), np.float64(-15613.07842647858), np.float64(-15861.565188404651), np.float64(-15937.977232235267), np.float64(-15488.892120375942), np.float64(-15101.034704257285), np.float64(-16051.968240917735), np.float64(-15631.033642277329), np.float64(-16103.227040952162), np.float64(-15398.571152281982), np.float64(-15927.092007387899), np.float64(-15187.453017479971), np.float64(-16138.179990065353)]"
4,400,uniform,1.08,-15803.26,346.26,"[np.float64(-16306.692896288698), np.float64(-15936.880278493592), np.float64(-15448.209289118451), np.float64(-15211.966229021307), np.float64(-16005.172993149068), np.float64(-15817.082087743882), np.float64(-15935.228321014176), np.float64(-15952.5705054063), np.float64(-15857.252218299498), np.float64(-16420.011629362205), np.float64(-15266.62161291276), np.float64(-15079.843102240122), np.float64(-16022.115987556705), np.float64(-16249.559350340438), np.float64(-16048.605620578099), np.float64(-15429.200430792209), np.float64(-16080.79037178829), np.float64(-15649.575028415158), np.float64(-15527.822412831678), np.float64(-15747.96781457668), np.float64(-16064.177271796703), np.float64(-15598.582233852005), np.float64(-16283.532927911368), np.float64(-15956.34610590949), np.float64(-15338.173144333634), np.float64(-15948.403196099669), np.float64(-16172.285811933616), np.float64(-15430.708362693105), np.float64(-16318.05850674274), np.float64(-15777.483986217663), np.float64(-15902.961214970968), np.float64(-15818.849106388963), np.float64(-15702.205235018575), np.float64(-15925.386208291906), np.float64(-15455.085996850155), np.float64(-15750.078007627422), np.float64(-16213.250446134192), np.float64(-16052.039067089443), np.float64(-15595.225546706617), np.float64(-15877.128845812731), np.float64(-15989.744007330159), np.float64(-15439.718158431106), np.float64(-15089.363190517055), np.float64(-16187.51399416956), np.float64(-15612.657083607523), np.float64(-16159.236026312346), np.float64(-15420.98997606609), np.float64(-15897.740952904775), np.float64(-15078.047101815715), np.float64(-16115.09027479177)]"
4,400,uniform,1.1,-15799.43,343.54,"[np.float64(-16342.203461221428), np.float64(-15969.009145812206), np.float64(-15606.273217442906), np.float64(-15337.86817231537), np.float64(-16017.886718692294), np.float64(-15850.204163481845), np.float64(-15951.733931088816), np.float64(-15949.707169583497), np.float64(-15833.280298262724), np.float64(-16416.96784852345), np.float64(-15257.871342011418), np.float64(-15080.97182806477), np.float64(-15958.427694411774), np.float64(-16231.476807834271), np.float64(-16061.73678431365), np.float64(-15479.389318257287), np.float64(-16105.76060060383), np.float64(-15727.00211013305), np.float64(-15545.245481243734), np.float64(-15736.005686603117), np.float64(-16079.835300695457), np.float64(-15616.015979286647), np.float64(-16228.515420530166), np.float64(-15593.719791569047), np.float64(-15323.294319744107), np.float64(-15943.336399919215), np.float64(-16165.831838271224), np.float64(-15467.722436989918), np.float64(-16338.136257167502), np.float64(-15780.107466225043), np.float64(-15902.414482907023), np.float64(-15893.850521991104), np.float64(-15519.234878926118), np.float64(-15852.68034833257), np.float64(-15383.113446662244), np.float64(-15768.485530762991), np.float64(-16214.540931384301), np.float64(-16096.022566895474), np.float64(-15575.014321979257), np.float64(-15956.997911992088), np.float64(-15837.379062389986), np.float64(-15432.35536229937), np.float64(-15045.025002225453), np.float64(-16188.561626352315), np.float64(-15607.82458262453), np.float64(-16189.69812948002), np.float64(-15419.643828517077), np.float64(-15897.740952904775), np.float64(-15110.045062120087), np.float64(-16085.24803675629)]"
4,400,uneven,1.0,-18711.13,521.94,"[np.float64(-19415.618143701086), np.float64(-20119.331598650002), np.float64(-18256.287368448295), np.float64(-18610.1646464396), np.float64(-18606.44977481687), np.float64(-18953.624391542024), np.float64(-17662.8769785488), np.float64(-18090.361906459904), np.float64(-18884.134718466412), np.float64(-18913.516390984223), np.float64(-18650.83672784382), np.float64(-18778.88482006966), np.float64(-18800.326931761665), np.float64(-18595.673178296274), np.float64(-18658.710637399374), np.float64(-18894.80490294247), np.float64(-18840.46511859562), np.float64(-18342.99952477881), np.float64(-18152.44726566922), np.float64(-18801.29021489728), np.float64(-18954.02777513362), np.float64(-19055.38353698866), np.float64(-18718.484855358478), np.float64(-18896.79947458908), np.float64(-18316.332160655238), np.float64(-18556.126283241243), np.float64(-18382.304174286044), np.float64(-18564.86986152464), np.float64(-19986.930142707948), np.float64(-18259.694090467005), np.float64(-18806.388303501906), np.float64(-19157.2309215434), np.float64(-17805.03485524351), np.float64(-19592.952413837884), np.float64(-18973.329151143524), np.float64(-18371.86241569891), np.float64(-19667.133858688132), np.float64(-18781.414952324507), np.float64(-18535.806150537177), np.float64(-18979.85899010469), np.float64(-17819.65594626232), np.float64(-18296.17638567329), np.float64(-18008.430640937357), np.float64(-17958.861156535462), np.float64(-19023.308012504516), np.float64(-19575.881512300806), np.float64(-18635.533312549025), np.float64(-18938.369465147087), np.float64(-18045.365146014443), np.float64(-18864.17725786737)]"
4,400,uneven,1.02,-18684.03,530.89,"[np.float64(-19397.831032825583), np.float64(-20124.268976314102), np.float64(-18047.50462212035), np.float64(-18495.46305758521), np.float64(-18534.80375564974), np.float64(-18821.752429398235), np.float64(-17722.094030336346), np.float64(-18031.94038910461), np.float64(-18877.685384746554), np.float64(-18973.014741212486), np.float64(-18668.781806483184), np.float64(-18801.89958935761), np.float64(-18846.80713958027), np.float64(-18456.187955096288), np.float64(-18597.076643697677), np.float64(-18828.31489757241), np.float64(-18757.69095865695), np.float64(-18307.450860381665), np.float64(-18122.969030719534), np.float64(-18811.41115851601), np.float64(-18997.685120869464), np.float64(-19010.76349986602), np.float64(-18700.00091218465), np.float64(-18821.732861591), np.float64(-18160.027392620625), np.float64(-18467.913606102604), np.float64(-18448.209693833764), np.float64(-18564.86986152464), np.float64(-19964.853439900995), np.float64(-18243.81086139723), np.float64(-18783.785013408968), np.float64(-19110.430772392916), np.float64(-17743.70889453146), np.float64(-19547.83229734294), np.float64(-19058.95654485667), np.float64(-18390.606575885013), np.float64(-19715.72003587606), np.float64(-18803.150189634693), np.float64(-18499.002879981443), np.float64(-19004.4519848066), np.float64(-17815.666690777634), np.float64(-18286.30603625853), np.float64(-18020.963548144613), np.float64(-17935.317700465803), np.float64(-19018.257696988847), np.float64(-19484.19956775132), np.float64(-18591.38610302087), np.float64(-18910.91566627446), np.float64(-17992.864268220477), np.float64(-18883.366931335346)]"
4,400,uneven,1.04,-18675.39,534.5,"[np.float64(-19384.796150228238), np.float64(-20061.64795687326), np.float64(-18036.537326265036), np.float64(-18395.86086409971), np.float64(-18482.441174914533), np.float64(-18881.04677405801), np.float64(-17882.196806511987), np.float64(-17980.846507755177), np.float64(-18655.490582763807), np.float64(-18990.28608201213), np.float64(-18663.93690796389), np.float64(-18777.95874641121), np.float64(-18828.143369899455), np.float64(-18387.90756514741), np.float64(-18582.045969017665), np.float64(-18901.593482483495), np.float64(-18740.263901008388), np.float64(-18315.544325701892), np.float64(-18134.054230621903), np.float64(-18610.63970594898), np.float64(-19046.320151889297), np.float64(-19037.260904350824), np.float64(-18692.11587533297), np.float64(-18839.20059882021), np.float64(-18132.042495500435), np.float64(-18626.771360521892), np.float64(-18440.051356209467), np.float64(-18524.05473224841), np.float64(-19937.208838973595), np.float64(-18233.215597035425), np.float64(-18715.37763713599), np.float64(-19136.214057710964), np.float64(-17593.675290129344), np.float64(-19625.191129577543), np.float64(-19089.859341117946), np.float64(-18441.351215289902), np.float64(-19723.9930205652), np.float64(-18879.523112346455), np.float64(-18574.348283226973), np.float64(-18960.23244882691), np.float64(-17824.549905319833), np.float64(-18218.563966277605), np.float64(-18077.843448728963), np.float64(-17862.29141394626), np.float64(-18989.805415378018), np.float64(-19450.12440293313), np.float64(-18596.369967634917), np.float64(-18904.36256657688), np.float64(-17971.238471284843), np.float64(-18933.022699955436)]"
4,400,uneven,1.06,-18677.06,534.81,"[np.float64(-19525.892403001686), np.float64(-20075.63908612605), np.float64(-18119.54002003395), np.float64(-18378.03886202323), np.float64(-18488.21992676975), np.float64(-18837.932840209058), np.float64(-17804.175514917526), np.float64(-17990.707484934883), np.float64(-18666.240639073425), np.float64(-19010.940513707363), np.float64(-18684.58603402728), np.float64(-18779.134656238795), np.float64(-18787.262560246963), np.float64(-18399.855186354016), np.float64(-18540.39049814945), np.float64(-18937.8636420953), np.float64(-18740.9081315948), np.float64(-18251.03228910079), np.float64(-18239.788340840838), np.float64(-18531.716277678206), np.float64(-19083.578953079494), np.float64(-19005.234449167016), np.float64(-18669.08964329547), np.float64(-18814.78761159227), np.float64(-18235.771678401306), np.float64(-18625.929961659946), np.float64(-18465.68833382392), np.float64(-18524.553938462705), np.float64(-19964.313172655788), np.float64(-18159.84030047391), np.float64(-18754.349735855558), np.float64(-19083.07770595067), np.float64(-17598.60153228724), np.float64(-19605.360707555337), np.float64(-19096.15619960487), np.float64(-18632.988957143316), np.float64(-19743.299152326617), np.float64(-18874.330707642654), np.float64(-18604.460954390677), np.float64(-18954.12600905076), np.float64(-17857.601953375262), np.float64(-18218.64754208329), np.float64(-18117.47201734146), np.float64(-17830.821715657177), np.float64(-18949.221120126167), np.float64(-19450.49652554065), np.float64(-18579.79430181755), np.float64(-18742.458659120264), np.float64(-17973.451445463936), np.float64(-18847.731509638194)]"
4,400,uneven,1.08,-18683.38,546.05,"[np.float64(-19538.95599273689), np.float64(-20078.122798061737), np.float64(-18135.070589022314), np.float64(-18504.532062836497), np.float64(-18478.153428081187), np.float64(-18810.477153733846), np.float64(-17697.227415902842), np.float64(-17942.859378115907), np.float64(-18685.589482035633), np.float64(-19004.50542386693), np.float64(-18774.799820334785), np.float64(-18762.90997648859), np.float64(-18797.162968490662), np.float64(-18406.021412634076), np.float64(-18494.11892185088), np.float64(-19027.205691886888), np.float64(-18620.53673355751), np.float64(-18306.374938276334), np.float64(-18315.81759918383), np.float64(-18457.27643000488), np.float64(-19149.123957419066), np.float64(-19012.18495701909), np.float64(-18697.264663432914), np.float64(-18801.5855751135), np.float64(-18218.3328407392), np.float64(-18710.315246923492), np.float64(-18452.4694297051), np.float64(-18544.286298336137), np.float64(-19976.88818610834), np.float64(-17916.036235045285), np.float64(-18719.38374636737), np.float64(-19079.67042201227), np.float64(-17628.142384564013), np.float64(-19597.2705216233), np.float64(-19192.361620740012), np.float64(-18561.094294998737), np.float64(-19815.33262426163), np.float64(-18838.934535109103), np.float64(-18707.379077796864), np.float64(-18944.114383051612), np.float64(-17877.27007509182), np.float64(-18282.414104888605), np.float64(-18166.944147288777), np.float64(-17927.668612246256), np.float64(-18909.32898720785), np.float64(-19483.95464421328), np.float64(-18555.762110073672), np.float64(-18832.801191265018), np.float64(-17919.592274103303), np.float64(-18813.55397249141)]"
4,400,uneven,1.1,-18698.65,552.55,"[np.float64(-19481.973012642), np.float64(-20197.838135966867), np.float64(-18107.140086838655), np.float64(-18462.28761016338), np.float64(-18571.5648857334), np.float64(-18755.13438790519), np.float64(-17703.68679695596), np.float64(-17977.595983336334), np.float64(-18697.20569694368), np.float64(-19033.10881365841), np.float64(-18804.105598754708), np.float64(-18798.330228171155), np.float64(-18864.614997342094), np.float64(-18448.057610786873), np.float64(-18462.004332201348), np.float64(-19073.43252175478), np.float64(-18656.66479292275), np.float64(-18342.738746735085), np.float64(-18360.24197840947), np.float64(-18502.52555411445), np.float64(-19221.687492103552), np.float64(-19004.727010854323), np.float64(-18784.341230415503), np.float64(-18865.47035460691), np.float64(-18260.965446136488), np.float64(-18635.775898162152), np.float64(-18499.913332919135), np.float64(-18416.59995519137), np.float64(-19992.79017069949), np.float64(-17883.039456306164), np.float64(-18714.586413867386), np.float64(-19135.89751406593), np.float64(-17611.699201650074), np.float64(-19523.83342388111), np.float64(-19351.961924038027), np.float64(-18574.175509101566), np.float64(-19790.03172474594), np.float64(-18734.662775520166), np.float64(-18700.527178725984), np.float64(-18980.408120043663), np.float64(-17943.01145846563), np.float64(-18371.713948599463), np.float64(-18163.53336608904), np.float64(-17914.586918770518), np.float64(-18886.010489427135), np.float64(-19482.558770950425), np.float64(-18561.29902943561), np.float64(-18809.10341627756), np.float64(-17901.101130483963), np.float64(-18916.396103412128)]"
5,50,uniform,1.0,-2128.47,135.78,"[np.float64(-2061.9898559874478), np.float64(-2201.1949698633107), np.float64(-2331.772239013169), np.float64(-1777.1675077458415), np.float64(-2040.1391034336173), np.float64(-1956.0069113044278), np.float64(-2139.310329893791), np.float64(-2216.7054972365277), np.float64(-2340.9214581534), np.float64(-2272.6526508906827), np.float64(-1841.4663154979123), np.float64(-2176.9608210002166), np.float64(-2050.564410620125), np.float64(-2059.2732952744373), np.float64(-1915.2450431358507), np.float64(-2060.446060992719), np.float64(-2239.955053840623), np.float64(-2274.3676865179555), np.float64(-2221.4899479281403), np.float64(-2154.678248308592), np.float64(-2221.8930993677754), np.float64(-2065.7042954089006), np.float64(-2001.025726749136), np.float64(-2145.381483689145), np.float64(-2116.1305093956053), np.float64(-2245.2978726832253), np.float64(-2283.987136050421), np.float64(-2065.15280017968), np.float64(-2097.875249260306), np.float64(-2171.3803103996565), np.float64(-2357.8520594789247), np.float64(-1967.2190708162898), np.float64(-2120.698451344817), np.float64(-2416.616554196216), np.float64(-2113.700074763537), np.float64(-1984.4562599046462), np.float64(-2116.427225325803), np.float64(-2114.7999036449473), np.float64(-2372.4845266605334), np.float64(-2010.7060255278893), np.float64(-2092.6571518176656), np.float64(-2233.3286024073395), np.float64(-2290.2577120252463), np.float64(-2158.1102229337284), np.float64(-2126.6822596397697), np.float64(-2103.9258190989726), np.float64(-1888.4205179057983), np.float64(-2125.34665016353), np.float64(-1995.8503311288978), np.float64(-2087.7564211341664)]"
5,50,uniform,1.02,-2115.65,137.5,"[np.float64(-2151.265746765062), np.float64(-2125.6352713032757), np.float64(-2318.796478044117), np.float64(-1777.1675077458415), np.float64(-1988.1708320757295), np.float64(-2031.9023263342315), np.float64(-2081.42935786712), np.float64(-2206.249399027151), np.float64(-2340.9214581534), np.float64(-2272.6526508906827), np.float64(-1841.4663154979123), np.float64(-2176.9608210002166), np.float64(-2050.564410620125), np.float64(-2059.2732952744373), np.float64(-1915.2450431358507), np.float64(-2060.446060992719), np.float64(-2239.955053840623), np.float64(-2271.2316948425573), np.float64(-2221.4899479281403), np.float64(-2182.158067420764), np.float64(-2229.6728008115006), np.float64(-2035.9401518699933), np.float64(-2001.025726749136), np.float64(-2145.381483689145), np.float64(-2114.7037113218357), np.float64(-2231.1143758851404), np.float64(-2283.987136050421), np.float64(-2021.4522149760483), np.float64(-2003.5526863378313), np.float64(-2171.3803103996565), np.float64(-2255.0989272438956), np.float64(-1967.2190708162898), np.float64(-2044.606437522618), np.float64(-2416.616554196216), np.float64(-2116.229106487691), np.float64(-1984.4562599046462), np.float64(-2116.427225325803), np.float64(-2114.7999036449473), np.float64(-2396.0352423298177), np.float64(-1930.3497742795778), np.float64(-2092.6571518176656), np.float64(-2184.3621978262117), np.float64(-2290.2577120252463), np.float64(-2044.3645203272747), np.float64(-2150.1226218589845), np.float64(-2103.9258190989726), np.float64(-1850.3191543602852), np.float64(-2089.815496154047), np.float64(-1995.8503311288978), np.float64(-2087.7564211341664)]"
5,50,uniform,1.04,-2118.55,140.6,"[np.float64(-2058.244163183662), np.float64(-2115.862431168441), np.float64(-2324.6554841500747), np.float64(-1777.1675077458415), np.float64(-1988.1708320757295), np.float64(-2031.9023263342315), np.float64(-2081.42935786712), np.float64(-2244.2219617521337), np.float64(-2340.9214581534), np.float64(-2287.836711173878), np.float64(-1839.7901631513816), np.float64(-2222.998211795474), np.float64(-2143.237496515599), np.float64(-2059.2732952744373), np.float64(-1915.2450431358507), np.float64(-2060.446060992719), np.float64(-2239.955053840623), np.float64(-2271.2316948425573), np.float64(-2262.397707502686), np.float64(-2180.933765023809), np.float64(-2229.6728008115006), np.float64(-2035.9401518699933), np.float64(-2001.025726749136), np.float64(-2115.289389624422), np.float64(-2114.7037113218357), np.float64(-2231.1143758851404), np.float64(-2356.603357980543), np.float64(-2025.0400420265273), np.float64(-2003.5526863378313), np.float64(-2171.3803103996565), np.float64(-2270.442134364503), np.float64(-1967.2190708162898), np.float64(-2057.2273551590597), np.float64(-2416.616554196216), np.float64(-2116.229106487691), np.float64(-2019.867222541357), np.float64(-2116.427225325803), np.float64(-2114.7999036449473), np.float64(-2396.0352423298177), np.float64(-1930.3497742795778), np.float64(-2092.6571518176656), np.float64(-2184.3621978262117), np.float64(-2241.523006952909), np.float64(-2044.3645203272747), np.float64(-2150.1226218589845), np.float64(-2082.7398846449983), np.float64(-1850.3191543602852), np.float64(-2089.815496154047), np.float64(-2005.419549303646), np.float64(-2050.692064019397)]"
5,50,uniform,1.06,-2113.92,145.73,"[np.float64(-2007.7746143210693), np.float64(-2183.313336039687), np.float64(-2348.321709252719), np.float64(-1777.1675077458415), np.float64(-1988.1708320757295), np.float64(-1982.6792404851265), np.float64(-2081.42935786712), np.float64(-2244.2219617521337), np.float64(-2340.9214581534), np.float64(-2220.1060060422974), np.float64(-1839.7901631513816), np.float64(-2222.998211795474), np.float64(-2143.237496515599), np.float64(-1851.990411186736), np.float64(-1915.2450431358507), np.float64(-2050.811191455014), np.float64(-2302.9370698096177), np.float64(-2212.229054427181), np.float64(-2265.0794126406804), np.float64(-2187.066674190608), np.float64(-2229.6728008115006), np.float64(-2035.9401518699933), np.float64(-2001.025726749136), np.float64(-2115.289389624422), np.float64(-2143.949064977761), np.float64(-2254.7269317375476), np.float64(-2356.603357980543), np.float64(-2053.2456305393866), np.float64(-2023.5983849444083), np.float64(-2171.3803103996565), np.float64(-2270.442134364503), np.float64(-1967.2190708162898), np.float64(-2057.2273551590597), np.float64(-2447.72558203019), np.float64(-2116.229106487691), np.float64(-2019.867222541357), np.float64(-2106.774285222855), np.float64(-2114.7999036449473), np.float64(-2321.7590944773965), np.float64(-1930.3497742795778), np.float64(-2092.6571518176656), np.float64(-2214.9607364982094), np.float64(-2241.523006952909), np.float64(-2044.3645203272747), np.float64(-2121.1700016621235), np.float64(-2085.2549801284085), np.float64(-1859.0316366064662), np.float64(-2064.325357309447), np.float64(-1990.5767685850067), np.float64(-2078.660999368461)]"
5,50,uniform,1.08,-2113.08,142.6,"[np.float64(-2042.6842758219739), np.float64(-2223.3354749403493), np.float64(-2348.321709252719), np.float64(-1777.1675077458415), np.float64(-1988.1708320757295), np.float64(-1981.6783992551727), np.float64(-2081.42935786712), np.float64(-2287.390188472607), np.float64(-2340.9214581534), np.float64(-2220.1060060422974), np.float64(-1899.8971859343903), np.float64(-2248.4678951192504), np.float64(-2091.1971844732675), np.float64(-1902.1296955686273), np.float64(-1915.2450431358507), np.float64(-2093.152375527588), np.float64(-2239.955053840623), np.float64(-2212.229054427181), np.float64(-2315.7224641638772), np.float64(-2145.61733271643), np.float64(-2229.6728008115006), np.float64(-2077.5111244721766), np.float64(-2001.025726749136), np.float64(-2122.120931745686), np.float64(-2070.6575545814235), np.float64(-2254.7269317375476), np.float64(-2356.603357980543), np.float64(-2053.2456305393866), np.float64(-2023.5983849444083), np.float64(-2124.069255465685), np.float64(-2270.442134364503), np.float64(-1848.0529933149667), np.float64(-2055.944548740671), np.float64(-2314.9184952235923), np.float64(-2116.229106487691), np.float64(-2019.867222541357), np.float64(-2106.774285222855), np.float64(-2114.7999036449473), np.float64(-2358.2019387771275), np.float64(-1930.3497742795778), np.float64(-2115.4876118537773), np.float64(-2194.48800106787), np.float64(-2241.523006952909), np.float64(-2044.3645203272747), np.float64(-2121.1700016621235), np.float64(-2082.7398846449983), np.float64(-1825.4044787107825), np.float64(-2144.8699719380907), np.float64(-2004.05840123138), np.float64(-2076.509304857434)]"
5,50,uniform,1.1,-2111.25,142.33,"[np.float64(-2030.8744014380936), np.float64(-2223.3354749403493), np.float64(-2358.132227510382), np.float64(-1777.1675077458415), np.float64(-1943.8416284404063), np.float64(-1972.4191391512295), np.float64(-2081.42935786712), np.float64(-2319.04471445709), np.float64(-2283.441614949796), np.float64(-2220.9293435221693), np.float64(-1899.8971859343903), np.float64(-2180.6835616812814), np.float64(-2087.2895900431968), np.float64(-1902.1296955686273), np.float64(-1960.032437886635), np.float64(-2077.293548054264), np.float64(-2237.6618818109396), np.float64(-2212.942065009031), np.float64(-2321.5001017298296), np.float64(-2145.61733271643), np.float64(-2229.6728008115006), np.float64(-2077.5111244721766), np.float64(-2001.025726749136), np.float64(-2122.120931745686), np.float64(-2020.861697682199), np.float64(-2254.7269317375476), np.float64(-2352.847909788184), np.float64(-2014.3127961519413), np.float64(-2093.3364182479736), np.float64(-2124.069255465685), np.float64(-2329.5145222186966), np.float64(-1888.1897385126772), np.float64(-2055.944548740671), np.float64(-2314.9184952235923), np.float64(-2116.229106487691), np.float64(-2019.867222541357), np.float64(-2106.774285222855), np.float64(-2139.5158117587994), np.float64(-2366.8514807779193), np.float64(-1928.890668331359), np.float64(-2115.4876118537773), np.float64(-2139.57389713691), np.float64(-2241.523006952909), np.float64(-2031.029376319065), np.float64(-2115.2664443068084), np.float64(-2082.7398846449983), np.float64(-1818.6232273485987), np.float64(-2144.8699719380907), np.float64(-2004.05840123138), np.float64(-2076.509304857434)]"
5,50,uneven,1.0,-2213.51,176.64,"[np.float64(-2232.7399298143614), np.float64(-2211.464552453462), np.float64(-2363.914450428363), np.float64(-2047.2818550497177), np.float64(-2060.48497947992), np.float64(-2197.695384525805), np.float64(-2078.4209661802884), np.float64(-2020.0967569736108), np.float64(-2709.6363473483575), np.float64(-2492.2433905762223), np.float64(-2183.488939119618), np.float64(-2323.354605320133), np.float64(-2194.3489805525887), np.float64(-2041.4645043251737), np.float64(-2093.2005625449956), np.float64(-2039.9130848947536), np.float64(-2475.3391148584105), np.float64(-2350.8801185708394), np.float64(-2217.5298374867325), np.float64(-1898.4891642236832), np.float64(-2398.665891869657), np.float64(-2261.1745966076114), np.float64(-1907.5139832244636), np.float64(-2209.110885585492), np.float64(-2328.306320919005), np.float64(-1927.5483530442777), np.float64(-2491.22421279809), np.float64(-2264.343999228331), np.float64(-2370.917106159464), np.float64(-2357.526444683247), np.float64(-2334.567655838194), np.float64(-2020.7518987422022), np.float64(-2056.989607605044), np.float64(-2389.058485120839), np.float64(-2014.5461672721783), np.float64(-2221.817103183847), np.float64(-2298.7951193286594), np.float64(-2259.6918926453436), np.float64(-2424.063272661457), np.float64(-2055.6264051108406), np.float64(-1936.0100214534007), np.float64(-2262.001521364541), np.float64(-2100.4963334615595), np.float64(-2241.7603933425526), np.float64(-2421.6780232559368), np.float64(-2428.7176320303192), np.float64(-1954.0244199139695), np.float64(-2159.9045019561445), np.float64(-2161.0934209637935), np.float64(-2185.7474048110007)]"
5,50,uneven,1.02,-2214.74,175.89,"[np.float64(-2218.143521594817), np.float64(-2185.0060074362013), np.float64(-2363.914450428363), np.float64(-2072.6958527861148), np.float64(-2080.659178922903), np.float64(-2197.695384525805), np.float64(-2011.2897678704112), np.float64(-2020.0967569736108), np.float64(-2709.6363473483575), np.float64(-2492.2433905762223), np.float64(-2183.488939119618), np.float64(-2323.354605320133), np.float64(-2180.8843725750453), np.float64(-2041.4645043251737), np.float64(-2109.2009284684113), np.float64(-2078.9083158836825), np.float64(-2475.3391148584105), np.float64(-2350.8801185708394), np.float64(-2217.5298374867325), np.float64(-1898.4891642236832), np.float64(-2406.4455933133822), np.float64(-2256.4188194330045), np.float64(-1907.5139832244636), np.float64(-2210.8700179032116), np.float64(-2328.306320919005), np.float64(-1927.5483530442777), np.float64(-2491.22421279809), np.float64(-2256.5089099144047), np.float64(-2370.917106159464), np.float64(-2363.3296668105872), np.float64(-2334.567655838194), np.float64(-2079.6402134226437), np.float64(-2059.0739172208882), np.float64(-2434.535628266771), np.float64(-2014.5461672721783), np.float64(-2164.5422263642035), np.float64(-2298.7951193286594), np.float64(-2259.6918926453436), np.float64(-2403.7314538747896), np.float64(-2069.04698492251), np.float64(-1936.0100214534007), np.float64(-2255.1519519626318), np.float64(-2104.4740244686736), np.float64(-2271.0364791584834), np.float64(-2421.6780232559368), np.float64(-2428.7176320303192), np.float64(-1954.0244199139695), np.float64(-2159.9045019561445), np.float64(-2161.0934209637935), np.float64(-2196.952585050212)]"
5,50,uneven,1.04,-2211.72,170.78,"[np.float64(-2232.6041150662245), np.float64(-2185.0060074362013), np.float64(-2395.9190634563283), np.float64(-2072.6958527861148), np.float64(-2080.659178922903), np.float64(-2228.1680742009753), np.float64(-2011.2897678704112), np.float64(-2020.0967569736108), np.float64(-2677.5588650021173), np.float64(-2503.985103349443), np.float64(-2174.4336103915693), np.float64(-2322.0220568883583), np.float64(-2180.8843725750453), np.float64(-2056.8095831359815), np.float64(-2104.3904660928683), np.float64(-2078.9083158836825), np.float64(-2475.3391148584105), np.float64(-2350.8801185708394), np.float64(-2217.5298374867325), np.float64(-1898.4891642236832), np.float64(-2406.4455933133822), np.float64(-2256.4188194330045), np.float64(-1964.73838630871), np.float64(-2145.9682290669434), np.float64(-2328.306320919005), np.float64(-1927.5483530442777), np.float64(-2491.22421279809), np.float64(-2256.5089099144047), np.float64(-2326.9645418655123), np.float64(-2473.3857410380224), np.float64(-2358.900139681266), np.float64(-2079.6402134226437), np.float64(-2059.0739172208882), np.float64(-2269.4724082490807), np.float64(-2014.5461672721783), np.float64(-2164.5422263642035), np.float64(-2298.7951193286594), np.float64(-2245.596263494653), np.float64(-2356.8845814456286), np.float64(-2072.799498232588), np.float64(-1936.0100214534007), np.float64(-2236.8658777549144), np.float64(-2104.4740244686736), np.float64(-2271.0364791584834), np.float64(-2368.2979403301465), np.float64(-2428.7176320303192), np.float64(-1954.0244199139695), np.float64(-2159.9045019561445), np.float64(-2161.0934209637935), np.float64(-2200.103024848431)]"
5,50,uneven,1.06,-2198.38,181.99,"[np.float64(-2232.6041150662245), np.float64(-2185.0060074362013), np.float64(-2395.9190634563283), np.float64(-2073.4632889332665), np.float64(-2128.1208721557578), np.float64(-2228.1680742009753), np.float64(-1970.250331725805), np.float64(-2020.0967569736108), np.float64(-2743.839049597234), np.float64(-2503.985103349443), np.float64(-2171.5758303276934), np.float64(-2323.354605320133), np.float64(-2180.8843725750453), np.float64(-1841.3156540691457), np.float64(-2101.3358452079624), np.float64(-2078.9083158836825), np.float64(-2475.3391148584105), np.float64(-2318.5173432215934), np.float64(-2217.5298374867325), np.float64(-1898.4891642236832), np.float64(-2382.854580527343), np.float64(-2256.4188194330045), np.float64(-1964.73838630871), np.float64(-2142.3446471242573), np.float64(-2328.306320919005), np.float64(-1942.7772926763976), np.float64(-2455.7972863019604), np.float64(-2270.9914132966874), np.float64(-2326.9645418655123), np.float64(-2456.2359790104965), np.float64(-2358.900139681266), np.float64(-2030.9131736734382), np.float64(-2127.3362443928563), np.float64(-2269.4724082490807), np.float64(-2018.2739191191522), np.float64(-2164.5422263642035), np.float64(-2155.216726920628), np.float64(-2245.596263494653), np.float64(-2364.803304668232), np.float64(-2061.655006263841), np.float64(-1936.0100214534007), np.float64(-2236.8658777549144), np.float64(-1997.0531860591614), np.float64(-2204.0698605550897), np.float64(-2368.2979403301465), np.float64(-2428.7176320303192), np.float64(-1939.6131748413618), np.float64(-2026.061120924933), np.float64(-2169.5696917301207), np.float64(-2200.103024848431)]"
5,50,uneven,1.08,-2203.37,173.49,"[np.float64(-2232.6041150662245), np.float64(-2202.2648491856717), np.float64(-2395.9190634563283), np.float64(-2144.7094234902042), np.float64(-2120.2109463702755), np.float64(-2288.178860354745), np.float64(-2000.3733259880512), np.float64(-2020.0967569736108), np.float64(-2693.1897860580225), np.float64(-2504.618287117304), np.float64(-2171.5758303276934), np.float64(-2329.966159931738), np.float64(-2180.8843725750453), np.float64(-1901.2392166373716), np.float64(-2101.3358452079624), np.float64(-2088.4888398026114), np.float64(-2475.3391148584105), np.float64(-2318.5173432215934), np.float64(-2217.5298374867325), np.float64(-1898.4891642236832), np.float64(-2416.587786322722), np.float64(-2237.0199978466094), np.float64(-1964.73838630871), np.float64(-2142.3446471242573), np.float64(-2311.661856063161), np.float64(-1942.7772926763976), np.float64(-2405.4929346771996), np.float64(-2270.9914132966874), np.float64(-2298.8188282241667), np.float64(-2456.2359790104965), np.float64(-2321.227504759716), np.float64(-2113.8333883178234), np.float64(-2127.3362443928563), np.float64(-2269.4724082490807), np.float64(-2021.8890465880752), np.float64(-2164.5422263642035), np.float64(-2159.568774850925), np.float64(-2182.3168396723286), np.float64(-2364.803304668232), np.float64(-2088.9984408124756), np.float64(-1936.0100214534007), np.float64(-2282.3903121976537), np.float64(-1997.0531860591614), np.float64(-2184.4168701668286), np.float64(-2368.2979403301465), np.float64(-2473.4017260663823), np.float64(-1947.1724230178386), np.float64(-2026.061120924933), np.float64(-2207.197865083278), np.float64(-2200.103024848431)]"
5,50,uneven,1.1,-2204.27,184.2,"[np.float64(-2244.777826020666), np.float64(-2222.670211984647), np.float64(-2395.9190634563283), np.float64(-2137.6512832406997), np.float64(-2120.2109463702755), np.float64(-2288.178860354745), np.float64(-2039.1155114180397), np.float64(-2020.0967569736108), np.float64(-2754.4673519950334), np.float64(-2504.618287117304), np.float64(-2171.5758303276934), np.float64(-2329.966159931738), np.float64(-2332.1259252693308), np.float64(-1890.1121276788685), np.float64(-2152.5988165192693), np.float64(-2088.4888398026114), np.float64(-2451.231122137564), np.float64(-2318.5173432215934), np.float64(-2217.5298374867325), np.float64(-1898.4891642236832), np.float64(-2416.587786322722), np.float64(-2237.0199978466094), np.float64(-1976.2630649665068), np.float64(-2142.3446471242573), np.float64(-2261.8659991639365), np.float64(-1927.5483530442777), np.float64(-2473.4957291470873), np.float64(-2221.730253127951), np.float64(-2298.8188282241667), np.float64(-2504.55693496406), np.float64(-2259.05233280494), np.float64(-2109.719021508579), np.float64(-1999.2303408640628), np.float64(-2269.4724082490807), np.float64(-2021.8890465880752), np.float64(-2164.5422263642035), np.float64(-2159.568774850925), np.float64(-2234.4654503571546), np.float64(-2404.4007717301283), np.float64(-2117.774741133557), np.float64(-1848.3633059708347), np.float64(-2268.3731255496195), np.float64(-1997.0531860591614), np.float64(-2108.442320805096), np.float64(-2368.2979403301465), np.float64(-2458.1169541639), np.float64(-1947.1724230178386), np.float64(-2026.061120924933), np.float64(-2213.052452261868), np.float64(-2200.103024848431)]"
5,100,uniform,1.0,-4001.66,178.08,"[np.float64(-4130.9877723526315), np.float64(-4225.304806222893), np.float64(-4023.9476118928947), np.float64(-3844.68271735647), np.float64(-4115.610035982728), np.float64(-3977.1093846888834), np.float64(-4117.21987138471), np.float64(-4433.643596502641), np.float64(-4084.466879615531), np.float64(-4008.4588971469875), np.float64(-4069.57945317467), np.float64(-3869.511661020906), np.float64(-3894.3107309444363), np.float64(-3988.7048365161013), np.float64(-4069.2019755270026), np.float64(-3841.7713293069605), np.float64(-3973.3359167196177), np.float64(-4090.2041043829663), np.float64(-4129.962379353289), np.float64(-3870.3052951351506), np.float64(-3740.175365307791), np.float64(-4008.768372476294), np.float64(-3850.736350029196), np.float64(-3996.8243844128615), np.float64(-3816.1042275412865), np.float64(-4339.44156199971), np.float64(-4093.33844940695), np.float64(-3639.5782255694917), np.float64(-3918.4226155036276), np.float64(-3572.1359303096683), np.float64(-4015.6276757109913), np.float64(-3877.9209059362047), np.float64(-3824.449268385635), np.float64(-4236.924060868237), np.float64(-3890.102039644368), np.float64(-4428.415783961294), np.float64(-4012.7197695215564), np.float64(-4020.529662107314), np.float64(-4110.542384137668), np.float64(-4046.823629399808), np.float64(-3791.5501073802448), np.float64(-4009.342368178008), np.float64(-4089.185548403577), np.float64(-4053.2644270991873), np.float64(-4156.430727747923), np.float64(-4046.0919029061774), np.float64(-3839.836500628709), np.float64(-3942.8930348866497), np.float64(-3683.3611606405543), np.float64(-4273.288830600081)]"
5,100,uniform,1.02,-3991.32,169.53,"[np.float64(-4109.091944466527), np.float64(-4260.726882764951), np.float64(-4023.9476118928947), np.float64(-3844.68271735647), np.float64(-4127.170450329388), np.float64(-3977.1093846888834), np.float64(-4122.5588496458695), np.float64(-4243.465968209117), np.float64(-4073.550353333425), np.float64(-4008.1899642944195), np.float64(-3925.2218657216767), np.float64(-3869.511661020906), np.float64(-3889.4890684047296), np.float64(-3982.877431256884), np.float64(-4087.6326436763293), np.float64(-3794.7772254984507), np.float64(-3965.2368426988724), np.float64(-4073.533330064071), np.float64(-4129.962379353289), np.float64(-3925.1908575047314), np.float64(-3740.175365307791), np.float64(-4008.768372476294), np.float64(-3942.6700699940793), np.float64(-3989.27687581477), np.float64(-3816.1042275412865), np.float64(-4312.035418858679), np.float64(-4142.915405251271), np.float64(-3704.853100792683), np.float64(-3916.5957152045926), np.float64(-3603.655246361009), np.float64(-3895.0711230532283), np.float64(-3877.9209059362047), np.float64(-3790.0258067725763), np.float64(-4263.0299357833255), np.float64(-3867.899512588968), np.float64(-4461.164392383602), np.float64(-3987.7209474045153), np.float64(-4013.175423368761), np.float64(-4038.149257547501), np.float64(-4060.896711942262), np.float64(-3791.5501073802448), np.float64(-4015.8462094484935), np.float64(-3904.616214398087), np.float64(-4051.1851681518356), np.float64(-4142.9841345233335), np.float64(-3973.3421327220785), np.float64(-3855.7075367404445), np.float64(-3999.3553777981037), np.float64(-3683.3611606405543), np.float64(-4282.029725875754)]"
5,100,uniform,1.04,-3992.26,176.37,"[np.float64(-4111.942123023882), np.float64(-4226.616290457313), np.float64(-4023.9476118928947), np.float64(-3844.68271735647), np.float64(-4079.1646544903515), np.float64(-4006.537423234834), np.float64(-4189.772584253725), np.float64(-4240.1977592377225), np.float64(-4073.550353333425), np.float64(-4008.1899642944195), np.float64(-3917.8939394241493), np.float64(-3869.511661020906), np.float64(-3877.2509992418422), np.float64(-3982.877431256884), np.float64(-4087.6326436763293), np.float64(-3841.5060956128036), np.float64(-3965.2368426988724), np.float64(-4101.706823592295), np.float64(-4109.981884545449), np.float64(-3925.1908575047314), np.float64(-3673.8967871447912), np.float64(-3977.0878705115415), np.float64(-3942.6700699940793), np.float64(-4016.696940293796), np.float64(-3768.4152309218775), np.float64(-4320.34674874839), np.float64(-4132.350983934225), np.float64(-3577.822406785014), np.float64(-3916.5957152045926), np.float64(-3603.655246361009), np.float64(-3893.418555832638), np.float64(-3903.8146250949017), np.float64(-4011.554161598115), np.float64(-4263.0299357833255), np.float64(-3847.0446240983506), np.float64(-4461.164392383602), np.float64(-3994.094489950165), np.float64(-4050.0104906496426), np.float64(-4034.435111901514), np.float64(-3983.4015026355432), np.float64(-3801.0188722565476), np.float64(-4016.1508001382226), np.float64(-3928.7885952622673), np.float64(-4055.5346939632996), np.float64(-4125.178350119459), np.float64(-4042.026287698399), np.float64(-3844.262671046407), np.float64(-3930.6089627462748), np.float64(-3681.611784886983), np.float64(-4332.716928259946)]"
5,100,uniform,1.06,-3995.15,187.97,"[np.float64(-4104.785603044743), np.float64(-4088.822214690998), np.float64(-4023.9476118928947), np.float64(-3857.755715756614), np.float64(-3985.474301006634), np.float64(-3999.664344513021), np.float64(-4171.440846434002), np.float64(-4236.003877343925), np.float64(-4152.505584526603), np.float64(-4049.409927307164), np.float64(-4105.432219433766), np.float64(-3899.691307686557), np.float64(-3877.040385905722), np.float64(-4033.5322639819806), np.float64(-4087.6326436763293), np.float64(-3845.0169372835353), np.float64(-4014.2415434008462), np.float64(-4101.706823592295), np.float64(-4109.981884545449), np.float64(-3977.114946296554), np.float64(-3673.8967871447912), np.float64(-3977.0878705115415), np.float64(-3942.6700699940793), np.float64(-4016.696940293796), np.float64(-3739.9713554565337), np.float64(-4351.341242051029), np.float64(-4132.350983934225), np.float64(-3577.822406785014), np.float64(-3941.316702540193), np.float64(-3519.0972550833476), np.float64(-3915.886126526908), np.float64(-3861.850118918655), np.float64(-4020.237462136001), np.float64(-4280.86789820868), np.float64(-3847.0446240983506), np.float64(-4542.548073973944), np.float64(-3986.941264082736), np.float64(-4072.2408692130343), np.float64(-4010.7211179481305), np.float64(-4005.578268000513), np.float64(-3789.251764635539), np.float64(-4070.0584793744347), np.float64(-3896.9878472149658), np.float64(-4029.5850679009745), np.float64(-4125.178350119459), np.float64(-4015.384756749412), np.float64(-3774.5225360022314), np.float64(-3933.8190417935734), np.float64(-3651.854942089201), np.float64(-4333.296186721573)]"
5,100,uniform,1.08,-4003.63,180.61,"[np.float64(-4104.785603044743), np.float64(-4076.649500697939), np.float64(-4055.432013991914), np.float64(-3857.755715756614), np.float64(-3989.7701212719066), np.float64(-3999.664344513021), np.float64(-4191.878199695366), np.float64(-4236.003877343925), np.float64(-4152.505584526603), np.float64(-4069.854667070366), np.float64(-4039.872705082929), np.float64(-3887.6308609867197), np.float64(-3877.040385905722), np.float64(-4020.7932684449947), np.float64(-4087.6326436763293), np.float64(-3842.0886062544287), np.float64(-4014.2415434008462), np.float64(-4143.584298250213), np.float64(-4057.164234942594), np.float64(-3956.9433875384675), np.float64(-3706.997695259167), np.float64(-4054.28651821808), np.float64(-3951.1825954109013), np.float64(-3992.786425377882), np.float64(-3795.9252309588082), np.float64(-4322.067799551493), np.float64(-4155.707600339299), np.float64(-3558.182371201159), np.float64(-4080.986191975434), np.float64(-3603.655246361009), np.float64(-3902.933527564575), np.float64(-3898.310172212768), np.float64(-4016.0939370674573), np.float64(-4288.506975951156), np.float64(-3858.9815479564068), np.float64(-4534.737396636072), np.float64(-3986.941264082736), np.float64(-4077.4863014277307), np.float64(-4002.479110342533), np.float64(-4005.578268000513), np.float64(-3797.397933514143), np.float64(-4062.8576128620352), np.float64(-3905.990439377434), np.float64(-4045.731776460072), np.float64(-4154.920575619846), np.float64(-4015.384756749412), np.float64(-3825.2850719414123), np.float64(-3933.8190417935734), np.float64(-3651.854942089201), np.float64(-4333.296186721573)]"
5,100,uniform,1.1,-4008.67,178.74,"[np.float64(-4098.9293024881545), np.float64(-4103.596280367501), np.float64(-4055.432013991914), np.float64(-3857.755715756614), np.float64(-4034.155546805533), np.float64(-4009.4356713698376), np.float64(-4191.590626134845), np.float64(-4210.626608828925), np.float64(-4155.518231956858), np.float64(-4119.483606122516), np.float64(-4090.53562513233), np.float64(-3887.6308609867197), np.float64(-3880.397800205739), np.float64(-4020.7932684449947), np.float64(-3954.4601909988337), np.float64(-3842.0886062544287), np.float64(-4035.9688020799026), np.float64(-4205.677253077396), np.float64(-4057.164234942594), np.float64(-3956.9433875384675), np.float64(-3706.997695259167), np.float64(-4030.782292511134), np.float64(-3951.1825954109013), np.float64(-4010.4659213949735), np.float64(-3795.9252309588082), np.float64(-4310.357631313872), np.float64(-4169.007982662496), np.float64(-3622.4952071071275), np.float64(-3911.698805707283), np.float64(-3603.655246361009), np.float64(-4001.7016758897616), np.float64(-3884.9450428989785), np.float64(-4016.0939370674573), np.float64(-4288.506975951156), np.float64(-3887.3783376324914), np.float64(-4565.656613993569), np.float64(-3989.069467072077), np.float64(-4109.754514525989), np.float64(-3962.3603879730085), np.float64(-3975.743319207476), np.float64(-3877.801198469231), np.float64(-4103.346209404797), np.float64(-3919.1404694429875), np.float64(-3997.629077955115), np.float64(-4154.170694813005), np.float64(-4006.06874592817), np.float64(-3823.2477355999376), np.float64(-4006.3695340914596), np.float64(-3651.854942089201), np.float64(-4331.699907469795)]"
5,100,uneven,1.0,-4144.11,187.25,"[np.float64(-4246.569318506387), np.float64(-4390.28929360201), np.float64(-3976.4866144480907), np.float64(-4227.383939373749), np.float64(-4351.591910755374), np.float64(-4205.045879191452), np.float64(-4169.419947814289), np.float64(-4120.633446956691), np.float64(-4478.3974435754235), np.float64(-4174.39625228519), np.float64(-4400.137333895137), np.float64(-4124.120010237739), np.float64(-4178.7388297274865), np.float64(-4085.8138350236195), np.float64(-4044.788525845781), np.float64(-4033.0140181134943), np.float64(-4149.189836967711), np.float64(-3933.0268919547825), np.float64(-4030.7566605963743), np.float64(-3900.69197849053), np.float64(-4084.775475360148), np.float64(-4037.010300116001), np.float64(-4012.9470246838346), np.float64(-4153.6620782742075), np.float64(-4108.8010502273), np.float64(-4050.647128265248), np.float64(-4225.950603193237), np.float64(-3881.4006074116433), np.float64(-4287.960188734187), np.float64(-4106.9782909818305), np.float64(-4083.338769241537), np.float64(-4182.622969331318), np.float64(-4026.303226611608), np.float64(-4247.41873429059), np.float64(-4159.064584137313), np.float64(-4457.229908826331), np.float64(-4187.4396638347325), np.float64(-4227.456958238731), np.float64(-3984.9304625965556), np.float64(-4323.648534481826), np.float64(-3442.8128925717524), np.float64(-4167.287519197229), np.float64(-4143.63735274315), np.float64(-4261.263192382477), np.float64(-4541.754816852229), np.float64(-4358.722602497035), np.float64(-4093.1426333528148), np.float64(-3922.5015655313423), np.float64(-3813.4215443231833), np.float64(-4410.751849338408)]"
5,100,uneven,1.02,-4140.58,180.72,"[np.float64(-4219.3413193209), np.float64(-4406.0828415219985), np.float64(-4040.7037305078215), np.float64(-4113.8792614292415), np.float64(-4303.6852696057695), np.float64(-4196.637006874899), np.float64(-4119.28476429794), np.float64(-4173.9204030079), np.float64(-4502.149444237009), np.float64(-4163.288983484506), np.float64(-4400.137333895137), np.float64(-4123.115105136584), np.float64(-4196.363649862759), np.float64(-4108.340400226461), np.float64(-4044.788525845781), np.float64(-4013.216832107186), np.float64(-4175.7298494283295), np.float64(-3959.4963502839455), np.float64(-4030.7566605963743), np.float64(-3900.69197849053), np.float64(-4059.6824680498053), np.float64(-4037.010300116001), np.float64(-3939.5698937839015), np.float64(-4151.447734990467), np.float64(-4088.395097494631), np.float64(-4066.445076233172), np.float64(-4145.6649918431185), np.float64(-3884.9884344621223), np.float64(-4267.841469630866), np.float64(-4106.9782909818305), np.float64(-4051.2622691420584), np.float64(-4206.999683420247), np.float64(-4019.7054290379056), np.float64(-4268.842916087739), np.float64(-4177.144738536128), np.float64(-4457.229908826331), np.float64(-4104.067615958474), np.float64(-4217.415417940616), np.float64(-4077.032612643568), np.float64(-4349.48491989009), np.float64(-3442.8128925717524), np.float64(-4201.227914775664), np.float64(-3977.13785372672), np.float64(-4148.679730217842), np.float64(-4541.754816852229), np.float64(-4371.091892211532), np.float64(-4145.1098517444625), np.float64(-4034.1857563483313), np.float64(-3936.252673688457), np.float64(-4362.155246240816)]"
5,100,uneven,1.04,-4139.32,183.95,"[np.float64(-4205.305269614288), np.float64(-4432.004936110159), np.float64(-4045.9727535769607), np.float64(-4141.1144421014105), np.float64(-4323.479725065407), np.float64(-4125.35544800631), np.float64(-4123.5908441804695), np.float64(-4173.9204030079), np.float64(-4315.853089051645), np.float64(-4160.1432000106515), np.float64(-4398.686080085628), np.float64(-4131.354370260373), np.float64(-4196.363649862759), np.float64(-4110.561579758808), np.float64(-3942.2578771285616), np.float64(-4038.7835437044832), np.float64(-4195.275235634561), np.float64(-3963.305484930588), np.float64(-4030.7566605963743), np.float64(-3900.69197849053), np.float64(-4059.6824680498053), np.float64(-4036.18120347857), np.float64(-3909.625886766067), np.float64(-4174.4284798495355), np.float64(-4200.588115364252), np.float64(-4094.5464189407953), np.float64(-4145.6649918431185), np.float64(-3790.4844035831197), np.float64(-4267.841469630866), np.float64(-4072.8790246253416), np.float64(-4051.2622691420584), np.float64(-4163.99961592353), np.float64(-4043.4568321920046), np.float64(-4340.287328185297), np.float64(-4198.81506134796), np.float64(-4474.589671899246), np.float64(-4128.068585018075), np.float64(-4341.416333367881), np.float64(-3984.9304625965556), np.float64(-4355.6832365618275), np.float64(-3545.6352580867933), np.float64(-4201.227914775664), np.float64(-3977.13785372672), np.float64(-4180.298119711359), np.float64(-4561.172675271232), np.float64(-4398.643587737064), np.float64(-4174.032527517275), np.float64(-3844.450341746617), np.float64(-3946.8385535062584), np.float64(-4347.396234725186)]"
5,100,uneven,1.06,-4138.17,196.16,"[np.float64(-4122.494693620981), np.float64(-4353.183463392706), np.float64(-4045.9727535769607), np.float64(-4165.514171671558), np.float64(-4307.162593297994), np.float64(-4113.804439040171), np.float64(-4015.741875619521), np.float64(-4267.030323002393), np.float64(-4537.915072286246), np.float64(-4202.945944555815), np.float64(-4377.658610862616), np.float64(-4131.354370260373), np.float64(-4209.126359597023), np.float64(-4138.43615558849), np.float64(-3874.9844974251287), np.float64(-4021.8333620665426), np.float64(-4208.880895182471), np.float64(-3933.5227984272296), np.float64(-4030.7566605963743), np.float64(-3948.538334857781), np.float64(-4023.982700383485), np.float64(-4224.84462089769), np.float64(-3909.625886766067), np.float64(-4155.903690351057), np.float64(-4206.712844306531), np.float64(-4023.032566864657), np.float64(-4088.8242621129402), np.float64(-3729.4621203976626), np.float64(-4344.815345121487), np.float64(-4042.5805833972586), np.float64(-4108.780124670037), np.float64(-4161.417562249468), np.float64(-3983.7121368427615), np.float64(-4286.255942103816), np.float64(-4201.270274319177), np.float64(-4536.47550766465), np.float64(-4190.647996816013), np.float64(-4259.279609037083), np.float64(-4063.6331215279615), np.float64(-4271.036340948588), np.float64(-3433.974560324903), np.float64(-4229.506155072895), np.float64(-3977.13785372672), np.float64(-4180.298119711359), np.float64(-4460.980472257679), np.float64(-4411.83643164834), np.float64(-4181.486885782055), np.float64(-3919.7872325886215), np.float64(-3946.8385535062584), np.float64(-4347.396234725186)]"
5,100,uneven,1.08,-4129.52,206.35,"[np.float64(-4131.53585054115), np.float64(-4260.2249959233595), np.float64(-4065.8947167894758), np.float64(-4169.3383710353555), np.float64(-4307.162593297994), np.float64(-4195.548069755852), np.float64(-3999.5019195180353), np.float64(-4301.321148413011), np.float64(-4576.263227538436), np.float64(-4222.2114911469125), np.float64(-4398.906281521488), np.float64(-4114.428224201583), np.float64(-4181.911051933257), np.float64(-4129.157148934994), np.float64(-3864.692240175307), np.float64(-3969.7373171439053), np.float64(-4208.880895182471), np.float64(-3928.027528784371), np.float64(-4016.779799258275), np.float64(-3948.538334857781), np.float64(-4044.8815722070135), np.float64(-4149.305291561556), np.float64(-3909.625886766067), np.float64(-4173.444567565477), np.float64(-4155.877630939344), np.float64(-4020.270161874789), np.float64(-4111.461896643714), np.float64(-3768.6254192850406), np.float64(-4344.815345121487), np.float64(-3969.4809149788493), np.float64(-4071.236340793143), np.float64(-4166.743427264941), np.float64(-3981.0452951085663), np.float64(-4296.696412894613), np.float64(-4251.860899761549), np.float64(-4448.739765433234), np.float64(-4190.647996816013), np.float64(-4305.838880307979), np.float64(-3986.3477655763572), np.float64(-4143.817081604885), np.float64(-3433.974560324903), np.float64(-4277.124221428579), np.float64(-3888.138671102444), np.float64(-4200.6355515599025), np.float64(-4645.195625466764), np.float64(-4282.462634900047), np.float64(-4134.222014896785), np.float64(-3825.4804759726167), np.float64(-3930.1365220513007), np.float64(-4377.744799640507)]"
5,100,uneven,1.1,-4126.53,201.62,"[np.float64(-4226.323678278414), np.float64(-4260.2249959233595), np.float64(-4040.4571198686863), np.float64(-4232.463256850577), np.float64(-4262.237530933206), np.float64(-4204.787945463434), np.float64(-3999.5019195180353), np.float64(-4169.07802545548), np.float64(-4371.603983308472), np.float64(-4255.434980663068), np.float64(-4398.906281521488), np.float64(-4131.680536202989), np.float64(-4195.613852160103), np.float64(-4170.4458220330735), np.float64(-3869.6924284268666), np.float64(-3976.130969462884), np.float64(-4164.481157729886), np.float64(-3918.84821436805), np.float64(-4013.9899316949436), np.float64(-3984.747610625575), np.float64(-4033.001613269549), np.float64(-4024.048721622469), np.float64(-3947.0039274322635), np.float64(-4173.444567565477), np.float64(-4220.141959941509), np.float64(-4087.3705376820158), np.float64(-4110.41825035531), np.float64(-3749.9972701819875), np.float64(-4344.815345121487), np.float64(-3990.988491071594), np.float64(-4113.542973496002), np.float64(-4166.743427264941), np.float64(-3973.1305452677943), np.float64(-4314.079685780704), np.float64(-4247.522539211196), np.float64(-4378.383864704295), np.float64(-4128.693275829555), np.float64(-4321.548703333196), np.float64(-3947.109981259574), np.float64(-4127.628113750755), np.float64(-3387.203599763856), np.float64(-4292.4196293231935), np.float64(-3888.138671102444), np.float64(-4200.6355515599025), np.float64(-4581.346187182521), np.float64(-4459.15589663157), np.float64(-4085.3939434379495), np.float64(-3825.4804759726167), np.float64(-3971.5484690013996), np.float64(-4389.127835284605)]"
5,200,uniform,1.0,-7724.06,250.68,"[np.float64(-7922.662092293228), np.float64(-8051.0200184582445), np.float64(-7793.346355580374), np.float64(-7411.373520976521), np.float64(-7782.597680547966), np.float64(-7814.881350183345), np.float64(-7469.088387837606), np.float64(-7657.932672108155), np.float64(-7551.960529328336), np.float64(-7948.364536785736), np.float64(-7838.128272690461), np.float64(-7718.435917251638), np.float64(-7635.781453098387), np.float64(-7620.067189986125), np.float64(-7640.836717759697), np.float64(-7634.090460197622), np.float64(-7621.071034348157), np.float64(-8102.340328671418), np.float64(-7717.231806941067), np.float64(-7467.220187694018), np.float64(-7931.782091671484), np.float64(-7585.025665470077), np.float64(-7940.720328783517), np.float64(-7532.57346722593), np.float64(-7387.936503868063), np.float64(-7905.776756418941), np.float64(-7846.812706106061), np.float64(-7606.4165684784375), np.float64(-7517.727451417924), np.float64(-7150.823472415607), np.float64(-7676.953416746832), np.float64(-7899.560658581843), np.float64(-7629.6923554028235), np.float64(-7709.070161609017), np.float64(-7679.504156796139), np.float64(-8252.573903783801), np.float64(-8000.715453807203), np.float64(-7514.563515051462), np.float64(-7690.950326299725), np.float64(-7993.646108545504), np.float64(-7834.088608713944), np.float64(-8172.739642323928), np.float64(-7726.0782253013795), np.float64(-7499.275435273969), np.float64(-7142.531610344227), np.float64(-7965.190848479079), np.float64(-7599.605409527931), np.float64(-7567.409210693588), np.float64(-7434.286312577362), np.float64(-8410.77224872962)]"
5,200,uniform,1.02,-7702.13,253.82,"[np.float64(-7894.720965556065), np.float64(-7954.955788501202), np.float64(-7763.496675364538), np.float64(-7442.005024869162), np.float64(-7603.047622477336), np.float64(-7862.11788783208), np.float64(-7445.64312407406), np.float64(-7670.116107456845), np.float64(-7587.1362720975785), np.float64(-7889.203778736821), np.float64(-7757.574738850719), np.float64(-7706.093902217291), np.float64(-7686.955569612985), np.float64(-7693.781096930504), np.float64(-7613.186257462139), np.float64(-7552.005564600249), np.float64(-7595.073860813593), np.float64(-8080.237426910214), np.float64(-7709.393515647096), np.float64(-7445.3100284319235), np.float64(-7935.228854533866), np.float64(-7584.100892451645), np.float64(-7928.780459322408), np.float64(-7570.061311128017), np.float64(-7341.530018074875), np.float64(-7794.767625893844), np.float64(-7856.819137993272), np.float64(-7630.093417566304), np.float64(-7431.019176562186), np.float64(-7154.064279256465), np.float64(-7674.232752221527), np.float64(-7906.259470636315), np.float64(-7437.200319421671), np.float64(-7698.5242348515185), np.float64(-7690.278734855535), np.float64(-8267.636815640086), np.float64(-7985.736914171547), np.float64(-7530.402892412367), np.float64(-7586.676235341769), np.float64(-7972.619299778308), np.float64(-7793.177021751826), np.float64(-8172.739642323928), np.float64(-7743.708258381887), np.float64(-7513.453620756565), np.float64(-7144.927812554313), np.float64(-7862.041060157105), np.float64(-7556.083395183775), np.float64(-7576.068752648636), np.float64(-7355.361710219165), np.float64(-8460.883535586328)]"
5,200,uniform,1.04,-7700.0,248.12,"[np.float64(-7962.543563427302), np.float64(-7974.521628331932), np.float64(-7744.669673589762), np.float64(-7432.22722455501), np.float64(-7603.047622477336), np.float64(-7721.859963545754), np.float64(-7450.31042391652), np.float64(-7601.689661382777), np.float64(-7615.293170401693), np.float64(-7914.900855087621), np.float64(-7742.473222611814), np.float64(-7737.164681696906), np.float64(-7669.092734803029), np.float64(-7543.14809365869), np.float64(-7629.902254289984), np.float64(-7532.875876929183), np.float64(-7557.19694953776), np.float64(-8091.582865917278), np.float64(-7691.8581023951665), np.float64(-7512.802626946727), np.float64(-7926.475020366809), np.float64(-7575.080831498467), np.float64(-7929.549899812822), np.float64(-7555.992117056355), np.float64(-7351.077103961847), np.float64(-7839.140397883223), np.float64(-7816.477819456982), np.float64(-7630.4253691621225), np.float64(-7439.862239087164), np.float64(-7133.267338860817), np.float64(-7730.764116185323), np.float64(-7962.796801484241), np.float64(-7519.715612418221), np.float64(-7702.074440485108), np.float64(-7721.996768124287), np.float64(-8265.076966878218), np.float64(-7859.111687115668), np.float64(-7528.223588421726), np.float64(-7610.952483840051), np.float64(-7992.64637384186), np.float64(-7823.028196663746), np.float64(-8145.772000805817), np.float64(-7726.735927632309), np.float64(-7587.155989901788), np.float64(-7202.458445019274), np.float64(-7862.041060157105), np.float64(-7559.676432376224), np.float64(-7510.254717246729), np.float64(-7346.66262608349), np.float64(-8416.573523976636)]"
5,200,uniform,1.06,-7692.97,249.84,"[np.float64(-7966.69615765657), np.float64(-7964.588375916314), np.float64(-7728.20348391649), np.float64(-7177.959882225122), np.float64(-7603.343109111055), np.float64(-7725.171136245641), np.float64(-7469.3397799600825), np.float64(-7611.901222898806), np.float64(-7637.270640266829), np.float64(-7901.663031264898), np.float64(-7746.360494462293), np.float64(-7733.476090702951), np.float64(-7685.882800359096), np.float64(-7554.167271208534), np.float64(-7667.812614518436), np.float64(-7543.180730913238), np.float64(-7576.903343684373), np.float64(-8101.796896130888), np.float64(-7635.384605204864), np.float64(-7480.966132511088), np.float64(-7965.084739169321), np.float64(-7575.080831498467), np.float64(-7953.725338002872), np.float64(-7554.887824212966), np.float64(-7518.055708492397), np.float64(-7834.85028610186), np.float64(-7814.878118650632), np.float64(-7641.151619382268), np.float64(-7400.484789660287), np.float64(-7056.783297347966), np.float64(-7728.885379846228), np.float64(-7949.115811000938), np.float64(-7557.588540031438), np.float64(-7587.279082411951), np.float64(-7797.995317414487), np.float64(-8274.28136173073), np.float64(-7858.937441112539), np.float64(-7567.4589237934715), np.float64(-7591.501033090217), np.float64(-7990.132218580894), np.float64(-7655.805828297909), np.float64(-8145.800155654491), np.float64(-7760.474081898504), np.float64(-7565.14105184303), np.float64(-7188.518597331789), np.float64(-7852.7320601796955), np.float64(-7483.738851147221), np.float64(-7599.869035775091), np.float64(-7386.950124680596), np.float64(-8279.05760072355)]"
5,200,uniform,1.08,-7694.01,253.21,"[np.float64(-8000.935177619438), np.float64(-7963.943379209439), np.float64(-7767.7655525534055), np.float64(-7190.076539519222), np.float64(-7614.421012738792), np.float64(-7683.3334856855245), np.float64(-7438.115250867136), np.float64(-7611.901222898806), np.float64(-7604.324488257538), np.float64(-8007.990599824566), np.float64(-7776.197212105914), np.float64(-7773.729217277526), np.float64(-7705.648497292317), np.float64(-7555.101303208581), np.float64(-7722.624264231918), np.float64(-7539.897392580051), np.float64(-7556.470815139318), np.float64(-8090.283418226266), np.float64(-7657.044626827928), np.float64(-7469.628581159278), np.float64(-8029.218999199699), np.float64(-7599.334477906354), np.float64(-7943.466367715064), np.float64(-7464.292523670142), np.float64(-7443.879260382921), np.float64(-7727.083998513062), np.float64(-7817.413901132706), np.float64(-7601.455629283462), np.float64(-7402.91253287237), np.float64(-7092.7379174397065), np.float64(-7766.254822389441), np.float64(-7993.935198205882), np.float64(-7512.53123975849), np.float64(-7594.312515545586), np.float64(-7791.980576479562), np.float64(-8256.77545321262), np.float64(-7884.426685713754), np.float64(-7567.4589237934715), np.float64(-7591.628235174878), np.float64(-7900.220843487944), np.float64(-7774.49123863214), np.float64(-8141.9456336257845), np.float64(-7745.08372372125), np.float64(-7571.772893433147), np.float64(-7221.142992076194), np.float64(-7883.174993744816), np.float64(-7531.7702156665455), np.float64(-7508.346662033515), np.float64(-7358.968963848651), np.float64(-8253.011616835942)]"
5,200,uniform,1.1,-7700.86,253.47,"[np.float64(-7932.969227544748), np.float64(-7933.708051949529), np.float64(-7751.301275593314), np.float64(-7303.511824379276), np.float64(-7627.319274438102), np.float64(-7729.534003793241), np.float64(-7489.342683434946), np.float64(-7630.824224562694), np.float64(-7602.774631349615), np.float64(-7888.366095744613), np.float64(-7693.325623433465), np.float64(-7777.776917485003), np.float64(-7712.416026828094), np.float64(-7533.664343976688), np.float64(-7701.975266330766), np.float64(-7569.616327757552), np.float64(-7580.499273834689), np.float64(-8101.3631765649625), np.float64(-7683.862163037029), np.float64(-7417.355448866464), np.float64(-8038.490035694328), np.float64(-7610.04892252662), np.float64(-8002.790011397768), np.float64(-7552.732024774346), np.float64(-7444.088401747917), np.float64(-7747.824065696683), np.float64(-7857.224654950645), np.float64(-7581.678899265706), np.float64(-7402.868504624963), np.float64(-7158.094164408933), np.float64(-7791.740363773128), np.float64(-7994.375453407786), np.float64(-7519.973781221799), np.float64(-7579.094908016903), np.float64(-7812.133799558234), np.float64(-8206.01410625241), np.float64(-7886.554888703095), np.float64(-7465.436256863232), np.float64(-7589.627750208745), np.float64(-7958.215837498071), np.float64(-7705.489089312402), np.float64(-8190.652360647993), np.float64(-7794.867481682594), np.float64(-7632.365608640458), np.float64(-7228.511657506131), np.float64(-7924.183378694807), np.float64(-7522.922421618374), np.float64(-7428.363372405391), np.float64(-7358.968963848651), np.float64(-8396.140981223483)]"
5,200,uneven,1.0,-8053.67,264.68,"[np.float64(-8337.382760928991), np.float64(-8702.72629483408), np.float64(-8126.615652374173), np.float64(-8038.570968777188), np.float64(-8091.163867891436), np.float64(-8191.278720933785), np.float64(-7632.148878207385), np.float64(-7718.528219278021), np.float64(-7983.176838478094), np.float64(-8118.904693777917), np.float64(-8095.923586652765), np.float64(-7983.638645598894), np.float64(-8103.141912343943), np.float64(-7840.761270159289), np.float64(-7711.1569193925525), np.float64(-7795.028287530658), np.float64(-8191.594137606573), np.float64(-8124.825948450283), np.float64(-7756.309678490172), np.float64(-7913.048276919786), np.float64(-8441.286411657387), np.float64(-7961.397475571073), np.float64(-7942.520449637215), np.float64(-8136.552269213832), np.float64(-8085.7192059767085), np.float64(-8011.998407963975), np.float64(-8290.278939725875), np.float64(-8077.078957895751), np.float64(-8261.498580701988), np.float64(-7872.966325570484), np.float64(-8238.088127266616), np.float64(-8686.157625973057), np.float64(-7708.63787376608), np.float64(-8082.447555233049), np.float64(-8171.241525912108), np.float64(-8251.161290116706), np.float64(-8269.86677483769), np.float64(-8075.166154345159), np.float64(-7944.976877179703), np.float64(-8276.004708274682), np.float64(-7398.97703379989), np.float64(-8167.43732551857), np.float64(-7869.766874027197), np.float64(-7685.231577742926), np.float64(-7944.623846626686), np.float64(-8721.957286455465), np.float64(-8105.705597213345), np.float64(-7756.014453317712), np.float64(-7714.459842695203), np.float64(-8078.485709793605)]"
5,200,uneven,1.02,-8054.35,274.36,"[np.float64(-8282.7776574474), np.float64(-8754.943671218385), np.float64(-8151.135614158018), np.float64(-8009.503892422659), np.float64(-8095.467250457016), np.float64(-8206.311409078904), np.float64(-7567.412504265552), np.float64(-7736.336527639272), np.float64(-7966.702674533616), np.float64(-8111.746423478326), np.float64(-8079.835314723167), np.float64(-7971.73831276024), np.float64(-8066.791369215002), np.float64(-7843.340267712948), np.float64(-7701.535261652492), np.float64(-7942.073798453381), np.float64(-8161.295090930767), np.float64(-8097.707324470942), np.float64(-7678.143282503039), np.float64(-7963.481880837857), np.float64(-8483.928402935571), np.float64(-8009.676008057093), np.float64(-7924.964911198886), np.float64(-8254.754848772678), np.float64(-8016.243441230205), np.float64(-8064.430318756385), np.float64(-8421.816093238871), np.float64(-8091.337214032624), np.float64(-8165.094099986161), np.float64(-7918.952859733258), np.float64(-8151.1891084457), np.float64(-8674.919380663114), np.float64(-7642.4174952989115), np.float64(-8119.8297173436895), np.float64(-8231.279706490806), np.float64(-8352.640712894667), np.float64(-8210.242460965517), np.float64(-8086.036470493328), np.float64(-7838.803265589002), np.float64(-8197.892570100923), np.float64(-7375.113759243276), np.float64(-8128.430588299282), np.float64(-7877.303647797872), np.float64(-7695.5748977246485), np.float64(-8049.120284099661), np.float64(-8745.706589877584), np.float64(-8108.117822808386), np.float64(-7854.161415056661), np.float64(-7693.708533795322), np.float64(-7945.52124320153)]"
5,200,uneven,1.04,-8050.72,298.05,"[np.float64(-8334.606476317178), np.float64(-8771.957679619161), np.float64(-8156.607389809204), np.float64(-7925.131844305215), np.float64(-8121.737093611852), np.float64(-8239.260825450445), np.float64(-7527.705511782662), np.float64(-7736.336527639272), np.float64(-7932.927634326266), np.float64(-8140.597386054653), np.float64(-8138.190926042303), np.float64(-7984.143796297151), np.float64(-8047.497006371267), np.float64(-7794.357733985911), np.float64(-7715.805909290338), np.float64(-7874.031021532716), np.float64(-8060.5912132412195), np.float64(-8071.017464255074), np.float64(-7711.451582232891), np.float64(-8084.363387820739), np.float64(-8471.034351769373), np.float64(-8007.927163548375), np.float64(-7936.855288665658), np.float64(-8294.686496836308), np.float64(-8092.954570495159), np.float64(-8105.886177533839), np.float64(-8284.47411159273), np.float64(-8192.795871111148), np.float64(-8208.73417489495), np.float64(-7904.658687602103), np.float64(-8140.7906643154565), np.float64(-8745.736677765313), np.float64(-7598.865687500184), np.float64(-8093.665968030836), np.float64(-8235.416883051901), np.float64(-8399.16731432944), np.float64(-8225.67866180602), np.float64(-8115.163508088884), np.float64(-7840.444067023195), np.float64(-8171.769379052547), np.float64(-7130.11640945256), np.float64(-8152.318423468779), np.float64(-7885.248450308508), np.float64(-7638.160039677566), np.float64(-8104.808748468084), np.float64(-8703.338215027003), np.float64(-8108.117822808386), np.float64(-7741.65467546337), np.float64(-7702.706625255262), np.float64(-7934.575311163158)]"
5,200,uneven,1.06,-8054.51,295.01,"[np.float64(-8324.838987868945), np.float64(-8809.294789250673), np.float64(-8077.110166307362), np.float64(-7909.5339852776815), np.float64(-8083.520790147788), np.float64(-8246.67180595507), np.float64(-7564.987623301068), np.float64(-7752.531887793322), np.float64(-7993.25283290882), np.float64(-8205.515413623929), np.float64(-8239.125325315783), np.float64(-7976.950196537922), np.float64(-8035.17634678187), np.float64(-8012.975095941271), np.float64(-7751.252592992829), np.float64(-7893.228030164767), np.float64(-8050.716844641173), np.float64(-7968.408364225417), np.float64(-7750.038204010005), np.float64(-8035.080028023257), np.float64(-8457.11218959706), np.float64(-7980.8647141884985), np.float64(-7951.957324597401), np.float64(-8227.301193635749), np.float64(-8009.554968694589), np.float64(-8106.145113882922), np.float64(-8270.982416108927), np.float64(-8184.494720455566), np.float64(-8196.492742443064), np.float64(-7834.485121547167), np.float64(-8151.013001413661), np.float64(-8820.636631203932), np.float64(-7522.102991586372), np.float64(-8100.460662051206), np.float64(-8261.83742538998), np.float64(-8411.31355052289), np.float64(-8251.350345541841), np.float64(-8033.173106332516), np.float64(-7825.668675041469), np.float64(-8151.587343840863), np.float64(-7323.298309495061), np.float64(-8143.6836611061135), np.float64(-7723.280795702646), np.float64(-7642.761168201844), np.float64(-8148.450876195695), np.float64(-8750.68036880996), np.float64(-8143.887450573521), np.float64(-7828.59365922674), np.float64(-7683.628105270372), np.float64(-7908.419894907192)]"
5,200,uneven,1.08,-8045.42,307.43,"[np.float64(-8321.051068045443), np.float64(-8818.168950768548), np.float64(-8169.595884443576), np.float64(-8009.468927979562), np.float64(-8080.450983505641), np.float64(-8299.229725561796), np.float64(-7614.9310304159135), np.float64(-7736.8098487834495), np.float64(-8035.684470556678), np.float64(-8224.51520156235), np.float64(-8219.421466430238), np.float64(-7986.659992403964), np.float64(-7966.575243961076), np.float64(-7789.85585978878), np.float64(-7752.426065299419), np.float64(-7897.330274856261), np.float64(-8060.381053799949), np.float64(-7956.571831343391), np.float64(-7753.883215572859), np.float64(-8008.5261152966805), np.float64(-8491.984824706506), np.float64(-7960.977390100502), np.float64(-7980.001734020903), np.float64(-8262.023996712112), np.float64(-8080.299780818892), np.float64(-8122.686985685883), np.float64(-8351.91906970844), np.float64(-8218.176458998685), np.float64(-8175.993285417219), np.float64(-7832.115658517798), np.float64(-8167.26060846476), np.float64(-8816.218361300405), np.float64(-7502.01747828481), np.float64(-8086.6144718131345), np.float64(-8254.081637443602), np.float64(-8293.510280957087), np.float64(-8307.813163463024), np.float64(-8051.528794044948), np.float64(-7839.681346885117), np.float64(-8082.195814446708), np.float64(-7162.619784327891), np.float64(-7964.979681725397), np.float64(-7761.671697171137), np.float64(-7568.295601297324), np.float64(-8149.692405142983), np.float64(-8671.78764484119), np.float64(-8109.965370271398), np.float64(-7858.667717984141), np.float64(-7599.6618899078785), np.float64(-7845.044145971738)]"
5,200,uneven,1.1,-8063.33,321.92,"[np.float64(-8384.115613336271), np.float64(-8817.710982286837), np.float64(-8197.42392696948), np.float64(-8034.999063991957), np.float64(-8019.083477027304), np.float64(-8302.277990470766), np.float64(-7475.3407713321985), np.float64(-7835.950194549742), np.float64(-8035.684470556678), np.float64(-8180.054107235492), np.float64(-8245.00354529269), np.float64(-7985.46101364396), np.float64(-7926.393456394017), np.float64(-7815.693360809644), np.float64(-7746.513969629772), np.float64(-7996.911729457769), np.float64(-8041.064009657737), np.float64(-8062.934519862487), np.float64(-7806.458108942567), np.float64(-8093.668409833308), np.float64(-8578.244757251969), np.float64(-7952.4380762722785), np.float64(-7986.05556617456), np.float64(-8290.3760546634), np.float64(-8119.770884473069), np.float64(-8180.516478108134), np.float64(-8410.953056698414), np.float64(-8258.638405228687), np.float64(-8180.258764766957), np.float64(-7829.111538474724), np.float64(-8194.899906797065), np.float64(-8820.391571095764), np.float64(-7468.498990873639), np.float64(-8179.988469185694), np.float64(-8265.543162698728), np.float64(-8382.511343636093), np.float64(-8247.462936680266), np.float64(-8063.552145762132), np.float64(-7869.419526222234), np.float64(-8005.452932375172), np.float64(-7162.619784327891), np.float64(-7911.578705005335), np.float64(-7764.500624730074), np.float64(-7535.609597685755), np.float64(-8160.618268768905), np.float64(-8764.723865280092), np.float64(-8131.170675128767), np.float64(-7906.71616233349), np.float64(-7583.683015101642), np.float64(-7958.6920160131895)]"
5,400,uniform,1.0,-14962.63,298.69,"[np.float64(-14993.350611638602), np.float64(-14977.997951325427), np.float64(-14910.10052019728), np.float64(-14209.324070568746), np.float64(-15056.218852904512), np.float64(-14901.991886158808), np.float64(-15315.106382193928), np.float64(-14936.02661007644), np.float64(-15104.21201170421), np.float64(-15289.44316115275), np.float64(-14545.373977243442), np.float64(-15105.92853314713), np.float64(-14872.336765015447), np.float64(-15233.182335034591), np.float64(-14932.033584131408), np.float64(-14765.297500878356), np.float64(-14847.911226698978), np.float64(-14923.622619320804), np.float64(-15170.104247148798), np.float64(-14642.629096010189), np.float64(-15389.953754949762), np.float64(-15050.876475994875), np.float64(-15297.960157660567), np.float64(-14458.506988442492), np.float64(-14905.3756684638), np.float64(-14709.744116658952), np.float64(-15349.697869752174), np.float64(-14860.735412217091), np.float64(-15055.699828281524), np.float64(-14623.029049295119), np.float64(-15103.76834681351), np.float64(-14414.0115930985), np.float64(-14721.080918378217), np.float64(-15271.948021474793), np.float64(-14986.04899194795), np.float64(-15138.634877261033), np.float64(-15383.343997929296), np.float64(-15054.369453927127), np.float64(-15104.228529063557), np.float64(-14862.849952186683), np.float64(-14864.354455312945), np.float64(-15019.862245790584), np.float64(-14807.159504678883), np.float64(-15042.873106294666), np.float64(-14881.06139350175), np.float64(-15450.191879130529), np.float64(-14503.866278991172), np.float64(-15172.460326342127), np.float64(-14258.965160631267), np.float64(-15656.495255441923)]"
5,400,uniform,1.02,-14963.01,297.31,"[np.float64(-15064.037051553985), np.float64(-15044.087577853308), np.float64(-14962.912595006417), np.float64(-14121.220931154736), np.float64(-15054.90426541088), np.float64(-14865.648893009686), np.float64(-15366.936419215379), np.float64(-14943.934881106148), np.float64(-15171.34844166089), np.float64(-15274.606880184172), np.float64(-14595.807440474362), np.float64(-15121.451638138544), np.float64(-14816.512942703604), np.float64(-15210.75374443124), np.float64(-14929.018790025377), np.float64(-14847.865821479638), np.float64(-14795.706231819411), np.float64(-14927.656907944762), np.float64(-15213.285754738785), np.float64(-14594.7636409947), np.float64(-15369.565911051368), np.float64(-15047.227769904697), np.float64(-15271.692354361872), np.float64(-14575.96263424374), np.float64(-14931.091893565257), np.float64(-14662.546831694654), np.float64(-15321.484171263339), np.float64(-14933.218098422618), np.float64(-15047.191768338573), np.float64(-14607.099827309472), np.float64(-15083.804010015674), np.float64(-14367.288181326063), np.float64(-14672.724488524185), np.float64(-15215.720516085772), np.float64(-14988.28998717281), np.float64(-15136.714654297299), np.float64(-15338.383931084363), np.float64(-15069.220828128697), np.float64(-15120.09716135844), np.float64(-14837.465749425884), np.float64(-14876.295004005999), np.float64(-14945.006277543278), np.float64(-14786.27904861985), np.float64(-15060.366850471435), np.float64(-14955.003877951085), np.float64(-15432.54551377569), np.float64(-14541.283177001005), np.float64(-15226.345357859847), np.float64(-14251.468988824363), np.float64(-15556.530334385598)]"
5,400,uniform,1.04,-14950.18,301.05,"[np.float64(-15068.866731442597), np.float64(-14969.550569343892), np.float64(-14931.749603043343), np.float64(-14070.225624982188), np.float64(-15092.542033699232), np.float64(-14763.733074054388), np.float64(-15343.905941095574), np.float64(-14992.73156848348), np.float64(-15167.102682975386), np.float64(-15242.612102706105), np.float64(-14579.753820615442), np.float64(-15150.425029757422), np.float64(-14711.18034200459), np.float64(-15152.00319545558), np.float64(-14899.865342225237), np.float64(-14782.97707518877), np.float64(-14784.163975003608), np.float64(-14914.307904692796), np.float64(-15214.482247380432), np.float64(-14512.592868051897), np.float64(-15389.65626750638), np.float64(-15124.469607405183), np.float64(-15277.804779869133), np.float64(-14550.242064761223), np.float64(-14891.87206403768), np.float64(-14712.562497500023), np.float64(-15261.349914985105), np.float64(-14883.572168325682), np.float64(-15060.498014018825), np.float64(-14600.088475680326), np.float64(-14995.193532251618), np.float64(-14501.478632297869), np.float64(-14558.212332121226), np.float64(-15241.207605718477), np.float64(-14973.732576219541), np.float64(-15076.217013432019), np.float64(-15389.966600616133), np.float64(-15220.41697706874), np.float64(-15140.761400378206), np.float64(-14856.226896960448), np.float64(-14796.78035312732), np.float64(-14949.31640938466), np.float64(-14739.749932323215), np.float64(-15140.395950650112), np.float64(-14925.229259000342), np.float64(-15349.391409833024), np.float64(-14551.510541599226), np.float64(-15110.947006497685), np.float64(-14316.307389868285), np.float64(-15578.901779547416)]"
5,400,uniform,1.06,-14959.6,311.26,"[np.float64(-15062.668759453452), np.float64(-15002.360032200517), np.float64(-14962.361127898548), np.float64(-14146.000451479462), np.float64(-15116.603964069756), np.float64(-14720.422162512408), np.float64(-15371.149824346521), np.float64(-14979.018208692885), np.float64(-15267.984580701828), np.float64(-15263.891065286338), np.float64(-14600.124473948428), np.float64(-15143.588955552717), np.float64(-14715.412667444403), np.float64(-15191.460757490873), np.float64(-14909.860477846196), np.float64(-14802.893912362813), np.float64(-14766.873623054993), np.float64(-14910.586670760817), np.float64(-15248.399068619128), np.float64(-14458.7741880407), np.float64(-15360.647391405495), np.float64(-15196.368644043176), np.float64(-15157.035856782897), np.float64(-14488.496970109903), np.float64(-14894.558731035517), np.float64(-14700.331124047427), np.float64(-15211.513438114102), np.float64(-14892.665159247577), np.float64(-14947.023212659762), np.float64(-14584.470051635217), np.float64(-15082.32300214409), np.float64(-14526.516886323801), np.float64(-14611.557746472807), np.float64(-15227.223634330421), np.float64(-15016.781898756968), np.float64(-15071.562181078427), np.float64(-15460.063331366473), np.float64(-15216.187694463588), np.float64(-15187.859303846484), np.float64(-14840.890257349092), np.float64(-14709.042890004328), np.float64(-15000.03213113063), np.float64(-14708.60309115771), np.float64(-15130.078396830744), np.float64(-14971.582275569104), np.float64(-15384.391235073228), np.float64(-14553.571296661736), np.float64(-15223.633905527979), np.float64(-14311.172022270628), np.float64(-15673.289427216434)]"
5,400,uniform,1.08,-14976.29,307.8,"[np.float64(-14956.294318822267), np.float64(-15033.098227452378), np.float64(-14981.917607102368), np.float64(-14202.483660363076), np.float64(-15099.545301923457), np.float64(-14732.051718234274), np.float64(-15410.707910634417), np.float64(-15002.090878743114), np.float64(-15199.754314514177), np.float64(-15265.069719687028), np.float64(-14588.154136961057), np.float64(-15227.692741891064), np.float64(-14680.371602125486), np.float64(-15182.418258885771), np.float64(-14909.701735193461), np.float64(-14827.8741253658), np.float64(-14888.664736431718), np.float64(-14901.3657788818), np.float64(-15292.217460018259), np.float64(-14456.766204429474), np.float64(-15411.698377841354), np.float64(-15252.856219410136), np.float64(-15181.424685965885), np.float64(-14503.69500625621), np.float64(-14932.060146578528), np.float64(-14642.39119701055), np.float64(-15215.73604131295), np.float64(-14934.550523963864), np.float64(-14952.700395585836), np.float64(-14643.171300550084), np.float64(-15121.147285217005), np.float64(-14618.502144169512), np.float64(-14675.285579657611), np.float64(-15249.198245037254), np.float64(-15143.965917602387), np.float64(-15056.35114514967), np.float64(-15502.847294958858), np.float64(-15150.874625145561), np.float64(-15229.292733279139), np.float64(-14821.44138335919), np.float64(-14795.129532348328), np.float64(-15038.408609326021), np.float64(-14676.300841158161), np.float64(-15032.260009911655), np.float64(-15044.04436617914), np.float64(-15459.538279736127), np.float64(-14580.893852492347), np.float64(-15146.027408504613), np.float64(-14322.44532549192), np.float64(-15642.0221593943)]"
5,400,uniform,1.1,-14986.84,312.08,"[np.float64(-14992.038448297895), np.float64(-15069.199736192224), np.float64(-14911.060248422093), np.float64(-14152.684058953198), np.float64(-15058.859589193347), np.float64(-14768.661903506829), np.float64(-15431.395393555309), np.float64(-14995.29621751294), np.float64(-15228.116962116608), np.float64(-15295.132693229067), np.float64(-14582.757572920447), np.float64(-15104.336343919807), np.float64(-14709.885442944566), np.float64(-15140.681182446358), np.float64(-14867.24571215286), np.float64(-14884.046881191636), np.float64(-14986.662268511585), np.float64(-14920.78134822053), np.float64(-15300.251798463212), np.float64(-14445.039503066662), np.float64(-15492.066704871148), np.float64(-15319.526655715561), np.float64(-15115.442321623017), np.float64(-14538.90248286169), np.float64(-14961.37814518269), np.float64(-14753.985747069113), np.float64(-15207.44028303145), np.float64(-14959.379076094643), np.float64(-14949.992056872521), np.float64(-14663.343017943625), np.float64(-15203.23290151271), np.float64(-14416.104122475885), np.float64(-14683.929238610059), np.float64(-15291.675115014168), np.float64(-15130.745169669348), np.float64(-15048.570553321215), np.float64(-15508.060726863747), np.float64(-15209.251248526436), np.float64(-15243.23651155842), np.float64(-14897.203996376915), np.float64(-14805.452053040139), np.float64(-15072.947100242363), np.float64(-14715.305964150191), np.float64(-15011.488926275953), np.float64(-15049.932633700811), np.float64(-15454.150151278289), np.float64(-14664.153187066742), np.float64(-15166.091239439309), np.float64(-14343.829605537318), np.float64(-15621.160357978777)]"
5,400,uneven,1.0,-15645.42,405.58,"[np.float64(-16171.47378919793), np.float64(-16711.417848494308), np.float64(-15302.81933539521), np.float64(-15289.789711428251), np.float64(-15523.722161838978), np.float64(-15971.86351393207), np.float64(-15363.688770886438), np.float64(-15150.920462632224), np.float64(-15590.38760411543), np.float64(-15820.524484594724), np.float64(-15567.922350630197), np.float64(-15734.299396287397), np.float64(-15827.557862093656), np.float64(-16038.209924708983), np.float64(-15491.754809226413), np.float64(-15639.707654880249), np.float64(-15608.603100900846), np.float64(-15340.94544636183), np.float64(-15335.685066117416), np.float64(-15714.645803787349), np.float64(-15637.551264524725), np.float64(-15962.046406871803), np.float64(-15493.984456742555), np.float64(-15806.781631741671), np.float64(-15413.682972472337), np.float64(-15322.183699458506), np.float64(-15585.031086139394), np.float64(-15427.235322219913), np.float64(-16474.836744829943), np.float64(-15308.907982835504), np.float64(-15896.218753191897), np.float64(-15694.801165748953), np.float64(-15198.608228337773), np.float64(-16332.622857990942), np.float64(-15730.219611276318), np.float64(-15426.068860296844), np.float64(-16527.00197177943), np.float64(-15945.012120913125), np.float64(-15551.222392003534), np.float64(-15783.189688726341), np.float64(-14761.242789660058), np.float64(-15295.136608989727), np.float64(-15211.35790424199), np.float64(-15260.764569900519), np.float64(-15582.566393405083), np.float64(-16424.172395609065), np.float64(-15319.682481051777), np.float64(-15801.791406483844), np.float64(-14832.515572360575), np.float64(-16068.76820828912)]"
5,400,uneven,1.02,-15624.91,403.46,"[np.float64(-16139.587394307062), np.float64(-16760.324118538785), np.float64(-15301.121811069706), np.float64(-15385.675332904115), np.float64(-15415.220896674356), np.float64(-15910.144344878267), np.float64(-15290.455276149147), np.float64(-15236.031294005541), np.float64(-15583.554595238336), np.float64(-15841.067273289756), np.float64(-15598.217044156207), np.float64(-15646.310149127205), np.float64(-15715.568616852366), np.float64(-15891.70255389221), np.float64(-15599.973643263234), np.float64(-15618.79635577911), np.float64(-15593.695780063206), np.float64(-15373.230634599347), np.float64(-15302.553438740557), np.float64(-15758.419643762723), np.float64(-15680.816526476621), np.float64(-15833.411851053326), np.float64(-15480.183432572036), np.float64(-15859.087044586124), np.float64(-15288.890490106645), np.float64(-15276.874476045596), np.float64(-15552.751187230482), np.float64(-15365.353686130293), np.float64(-16451.269585881557), np.float64(-15259.933021747016), np.float64(-15953.172837359352), np.float64(-15752.632373343316), np.float64(-15126.755362337179), np.float64(-16338.75732298841), np.float64(-15605.910632835381), np.float64(-15505.02513625609), np.float64(-16425.452296307674), np.float64(-15949.464370886408), np.float64(-15514.445661407593), np.float64(-15682.748739554638), np.float64(-14871.35880398723), np.float64(-15290.76655655821), np.float64(-15181.250300465112), np.float64(-15187.55756232715), np.float64(-15569.986372591486), np.float64(-16460.18526443822), np.float64(-15169.001087742416), np.float64(-15731.365164370327), np.float64(-14837.907877637017), np.float64(-16081.421165394198)]"
5,400,uneven,1.04,-15638.07,393.43,"[np.float64(-16141.922855912395), np.float64(-16698.355097592823), np.float64(-15303.654183232504), np.float64(-15392.783811740312), np.float64(-15392.86486012845), np.float64(-15799.085961036044), np.float64(-15286.816496162766), np.float64(-15127.561739376055), np.float64(-15588.036270461507), np.float64(-15906.982116208876), np.float64(-15653.51242536548), np.float64(-15564.187133569685), np.float64(-15656.665429323431), np.float64(-15850.792520048424), np.float64(-15487.53487980257), np.float64(-15711.752987478432), np.float64(-15734.108122375726), np.float64(-15389.971450864256), np.float64(-15458.45490520115), np.float64(-15564.755777894497), np.float64(-15959.197863267025), np.float64(-15809.207679416419), np.float64(-15465.771365468616), np.float64(-15627.601736268747), np.float64(-15279.408995281517), np.float64(-15411.856155469959), np.float64(-15649.05557708008), np.float64(-15457.096108568809), np.float64(-16518.053608873128), np.float64(-15206.838121290624), np.float64(-15776.07428103629), np.float64(-15673.199112774071), np.float64(-15191.965963163082), np.float64(-16345.848734546695), np.float64(-15852.690111984317), np.float64(-15470.829741040163), np.float64(-16502.438895726875), np.float64(-15825.97573470173), np.float64(-15662.923051370291), np.float64(-15692.931962454608), np.float64(-14901.241794620579), np.float64(-15311.434226649268), np.float64(-15246.897469816584), np.float64(-15179.826968710495), np.float64(-15657.957246853954), np.float64(-16461.993980947085), np.float64(-15332.754914389236), np.float64(-15729.24250551677), np.float64(-14901.879443374868), np.float64(-16091.734981393998)]"
5,400,uneven,1.06,-15662.51,418.9,"[np.float64(-16218.73737660648), np.float64(-16776.812542705247), np.float64(-15352.335887526717), np.float64(-15428.935014397728), np.float64(-15246.111218638409), np.float64(-15756.535910185066), np.float64(-15263.94755550859), np.float64(-15189.98770537742), np.float64(-15805.07401861855), np.float64(-15963.271939405786), np.float64(-15771.646852517253), np.float64(-15590.356518255207), np.float64(-15809.0528547348), np.float64(-15931.698790231592), np.float64(-15538.469633504023), np.float64(-15749.615576027676), np.float64(-15584.013816848708), np.float64(-15294.333769744148), np.float64(-15512.569737119164), np.float64(-15527.78462933844), np.float64(-16201.206700906947), np.float64(-15868.510190337061), np.float64(-15487.800797731521), np.float64(-15684.35264485792), np.float64(-15151.292074905958), np.float64(-15473.191038361887), np.float64(-15710.569984469153), np.float64(-15391.33748250029), np.float64(-16582.995347616583), np.float64(-15149.310819550088), np.float64(-15863.923755886874), np.float64(-15664.862716544194), np.float64(-15238.220176434903), np.float64(-16345.475818461136), np.float64(-15912.856883580256), np.float64(-15483.23544189999), np.float64(-16496.243106025242), np.float64(-15781.973354501753), np.float64(-15703.04258738061), np.float64(-15693.824515654884), np.float64(-14939.63926322997), np.float64(-15427.66750146544), np.float64(-15250.098314866336), np.float64(-15214.052281275135), np.float64(-15630.52985439644), np.float64(-16512.50384859564), np.float64(-15301.009306015634), np.float64(-15708.856532606098), np.float64(-14816.251300758844), np.float64(-16129.44028511683)]"
5,400,uneven,1.08,-15685.39,411.5,"[np.float64(-16268.900826342342), np.float64(-16784.56003880016), np.float64(-15373.291346071252), np.float64(-15440.784226335345), np.float64(-15252.247094538256), np.float64(-15606.517986660994), np.float64(-15225.169682906175), np.float64(-15222.890909473548), np.float64(-15717.72492604011), np.float64(-16064.533017928128), np.float64(-15852.212227052682), np.float64(-15536.574224469938), np.float64(-15884.320261547771), np.float64(-15762.156261288546), np.float64(-15552.35138689615), np.float64(-15798.843189449964), np.float64(-15638.389546607239), np.float64(-15283.246053610217), np.float64(-15554.10894886918), np.float64(-15786.914182795172), np.float64(-16098.164744554553), np.float64(-15896.900158869425), np.float64(-15478.014021669615), np.float64(-15640.046914500414), np.float64(-15366.554316504178), np.float64(-15467.72150549088), np.float64(-15725.295262528607), np.float64(-15402.342595676031), np.float64(-16598.637574138134), np.float64(-15189.213132861643), np.float64(-15798.649764820573), np.float64(-15662.687459291335), np.float64(-15252.439073597388), np.float64(-16421.575953785832), np.float64(-16045.78280448543), np.float64(-15514.372942566974), np.float64(-16528.981823386963), np.float64(-15764.742181479742), np.float64(-15749.97037397582), np.float64(-15734.546119656741), np.float64(-14999.261610873422), np.float64(-15497.087761933497), np.float64(-15329.742296440445), np.float64(-15211.218429211316), np.float64(-15601.150179750244), np.float64(-16483.200986626904), np.float64(-15298.435438152284), np.float64(-15759.337805638548), np.float64(-14941.32957180463), np.float64(-16206.19619625565)]"
5,400,uneven,1.1,-15715.22,430.44,"[np.float64(-16308.048867087158), np.float64(-16823.703890092675), np.float64(-15464.978105850121), np.float64(-15501.343810656776), np.float64(-15238.420992337355), np.float64(-15640.527434998905), np.float64(-15293.439417782016), np.float64(-15173.12846059893), np.float64(-15793.812567951305), np.float64(-16054.416509437966), np.float64(-15851.795015564829), np.float64(-15562.599884578494), np.float64(-15694.683179237418), np.float64(-15760.35869520678), np.float64(-15555.139078172824), np.float64(-15881.270281564115), np.float64(-15700.185524784822), np.float64(-15370.990153425353), np.float64(-15574.30572315395), np.float64(-15597.918720900707), np.float64(-16177.760458316263), np.float64(-15920.580124662754), np.float64(-15478.014021669615), np.float64(-15714.272838479043), np.float64(-15391.179994207407), np.float64(-15567.116663505307), np.float64(-15786.94345664802), np.float64(-15409.434959787255), np.float64(-16625.511053219034), np.float64(-14998.792436404607), np.float64(-15861.747376612435), np.float64(-15721.506464170581), np.float64(-15180.493717291296), np.float64(-16538.751448549763), np.float64(-16170.98508705781), np.float64(-15698.35455015699), np.float64(-16593.20557627347), np.float64(-15849.420306458986), np.float64(-15767.898309055947), np.float64(-15820.608313999783), np.float64(-14949.997171379251), np.float64(-15559.479551521374), np.float64(-15415.704384010365), np.float64(-15228.922190356154), np.float64(-15626.916592569396), np.float64(-16490.46096679744), np.float64(-15373.365215727394), np.float64(-15828.638665151642), np.float64(-14910.299837925828), np.float64(-16263.615513137673)]"
